sorteo,fecha,tipo,n1,n2,n3,n4,n5,superbalota
,2017-04-22,baloto,15,28,36,37,41,10
,2017-04-26,baloto,1,2,25,31,33,14
,2017-04-29,baloto,6,19,25,28,36,1
,2017-05-03,baloto,5,6,7,12,37,6
,2017-05-06,baloto,1,20,36,39,43,10
,2017-05-10,baloto,12,19,22,35,38,1
,2017-05-13,baloto,11,19,27,28,37,8
,2017-05-17,baloto,15,21,26,28,36,3
,2017-05-20,baloto,1,11,28,31,41,9
,2017-05-24,baloto,7,22,29,32,41,14
,2017-05-27,baloto,8,12,20,36,40,1
,2017-05-31,baloto,12,13,25,31,42,16
,2017-06-03,baloto,3,26,33,34,38,16
,2017-06-07,baloto,3,20,33,34,40,14
,2017-06-10,baloto,13,20,26,29,40,7
,2017-06-14,baloto,2,9,12,34,40,7
,2017-06-17,baloto,9,20,24,31,33,16
,2017-06-21,baloto,4,6,14,17,29,5
,2017-06-24,baloto,3,4,9,20,32,11
,2017-06-28,baloto,18,22,32,37,39,2
,2017-07-01,baloto,10,16,18,35,40,6
,2017-07-05,baloto,20,22,25,37,43,8
,2017-07-08,baloto,1,7,12,19,21,8
,2017-07-12,baloto,7,23,30,33,36,4
,2017-07-15,baloto,7,23,24,34,39,4
,2017-07-19,baloto,14,15,20,25,40,12
,2017-07-22,baloto,6,9,15,37,42,16
,2017-07-26,baloto,1,27,31,34,36,11
,2017-07-29,baloto,3,13,14,17,23,2
,2017-08-02,baloto,1,22,31,32,37,16
,2017-08-05,baloto,14,25,28,37,41,13
,2017-08-09,baloto,4,5,9,13,40,15
,2017-08-12,baloto,15,16,18,19,37,11
,2017-08-16,baloto,6,14,32,34,42,10
,2017-08-19,baloto,1,5,6,13,26,6
,2017-08-23,baloto,13,15,18,26,43,3
,2017-08-26,baloto,1,6,12,18,36,9
,2017-08-30,baloto,4,24,28,36,39,5
,2017-09-02,baloto,1,4,13,23,33,9
,2017-09-06,baloto,8,16,19,35,41,13
,2017-09-09,baloto,1,2,20,31,43,8
,2017-09-13,baloto,7,11,23,41,43,11
,2017-09-16,baloto,10,17,24,37,42,6
,2017-09-20,baloto,10,16,19,23,34,11
,2017-09-23,baloto,4,15,22,23,38,11
,2017-09-27,baloto,1,10,28,35,41,4
,2017-09-30,baloto,3,10,13,21,38,10
,2017-10-04,baloto,24,31,32,33,34,6
,2017-10-07,baloto,19,22,29,38,39,2
,2017-10-11,baloto,2,10,21,23,35,9
,2017-10-14,baloto,18,27,38,40,41,16
,2017-10-18,baloto,17,26,27,28,40,7
,2017-10-21,baloto,2,4,9,15,24,11
,2017-10-25,baloto,11,21,31,32,39,1
,2017-10-28,baloto,13,20,28,35,40,3
,2017-11-01,baloto,22,24,28,34,42,8
,2017-11-01,revancha,8,20,22,37,43,3
,2017-11-04,baloto,15,20,25,29,43,10
,2017-11-04,revancha,10,19,20,21,24,10
,2017-11-08,baloto,2,4,10,17,37,6
,2017-11-08,revancha,7,8,10,42,43,2
,2017-11-11,baloto,1,18,22,30,39,1
,2017-11-11,revancha,9,13,14,17,34,8
,2017-11-15,baloto,11,18,23,32,40,2
,2017-11-15,revancha,7,16,24,35,43,10
,2017-11-18,baloto,8,12,22,29,39,11
,2017-11-18,revancha,3,6,7,28,40,7
,2017-11-22,baloto,9,12,18,37,41,13
,2017-11-22,revancha,10,11,30,36,43,11
,2017-11-25,baloto,15,21,25,26,31,4
,2017-11-25,revancha,1,10,14,34,42,15
,2017-11-29,baloto,2,5,7,9,28,13
,2017-11-29,revancha,2,8,11,29,32,10
,2017-12-02,baloto,2,14,21,27,28,1
,2017-12-02,revancha,2,14,27,37,41,3
,2017-12-06,baloto,3,23,28,29,32,2
,2017-12-06,revancha,2,3,8,26,40,12
,2017-12-09,baloto,11,15,23,24,25,7
,2017-12-09,revancha,4,29,36,38,39,2
,2017-12-13,baloto,11,23,33,36,42,4
,2017-12-13,revancha,10,19,20,22,31,3
,2017-12-16,baloto,17,23,25,29,31,6
,2017-12-16,revancha,1,4,5,23,26,12
,2017-12-20,baloto,8,14,20,22,42,7
,2017-12-20,revancha,20,28,30,31,41,9
,2017-12-23,baloto,6,8,13,29,31,13
,2017-12-23,revancha,2,6,10,15,24,4
,2017-12-27,baloto,2,13,14,26,42,8
,2017-12-27,revancha,7,21,32,33,34,9
,2017-12-30,baloto,14,30,35,37,40,14
,2017-12-30,revancha,6,18,22,29,40,15
,2018-01-03,baloto,1,2,33,34,41,10
,2018-01-03,revancha,19,26,27,30,32,15
,2018-01-06,baloto,1,2,4,5,13,10
,2018-01-06,revancha,3,7,10,18,40,9
,2018-01-10,baloto,1,5,9,29,42,8
,2018-01-10,revancha,11,13,17,25,38,6
,2018-01-13,baloto,7,10,24,31,43,5
,2018-01-13,revancha,6,9,29,32,33,3
,2018-01-17,baloto,6,17,23,27,32,7
,2018-01-17,revancha,2,6,8,24,37,3
,2018-01-20,baloto,2,6,16,23,43,1
,2018-01-20,revancha,10,24,36,38,42,4
,2018-01-24,baloto,6,11,12,17,40,14
,2018-01-24,revancha,1,11,21,37,38,6
,2018-01-27,baloto,12,13,15,18,31,1
,2018-01-27,revancha,2,6,14,15,39,4
,2018-01-31,baloto,12,19,27,28,41,4
,2018-01-31,revancha,25,29,32,35,41,13
,2018-02-03,baloto,1,4,14,21,42,16
,2018-02-03,revancha,12,16,22,31,32,15
,2018-02-07,baloto,4,23,27,29,34,12
,2018-02-07,revancha,3,5,17,30,37,8
,2018-02-10,baloto,5,6,14,16,35,9
,2018-02-10,revancha,2,19,27,37,40,4
,2018-02-14,baloto,9,12,18,32,38,7
,2018-02-14,revancha,5,24,29,41,43,6
,2018-02-17,baloto,10,23,25,26,33,1
,2018-02-17,revancha,16,23,28,30,40,12
,2018-02-21,baloto,18,34,37,39,41,2
,2018-02-21,revancha,3,14,26,31,40,6
,2018-02-24,baloto,5,6,9,39,42,16
,2018-02-24,revancha,1,12,20,25,35,4
,2018-02-28,baloto,7,16,18,37,40,8
,2018-02-28,revancha,10,18,21,22,33,13
,2018-03-03,baloto,15,28,31,32,35,12
,2018-03-03,revancha,2,11,19,21,23,8
,2018-03-07,baloto,8,23,24,32,36,13
,2018-03-07,revancha,20,23,26,34,37,12
,2018-03-10,baloto,4,17,27,28,42,4
,2018-03-10,revancha,4,7,17,18,20,9
,2018-03-14,baloto,6,20,25,27,43,4
,2018-03-14,revancha,13,20,26,36,40,14
,2018-03-17,baloto,7,17,18,30,33,3
,2018-03-17,revancha,6,8,12,17,31,2
,2018-03-21,baloto,10,14,18,20,33,6
,2018-03-21,revancha,1,3,6,18,20,16
,2018-03-24,baloto,17,26,28,29,42,11
,2018-03-24,revancha,8,17,20,21,32,7
,2018-03-28,baloto,3,11,18,24,37,11
,2018-03-28,revancha,1,4,36,37,43,14
,2018-03-31,baloto,9,15,19,27,30,2
,2018-03-31,revancha,10,12,17,20,32,14
,2018-04-04,baloto,4,7,10,36,41,4
,2018-04-04,revancha,4,22,29,32,40,3
,2018-04-07,baloto,13,15,24,33,40,9
,2018-04-07,revancha,10,14,30,37,42,1
,2018-04-11,baloto,7,20,36,42,43,7
,2018-04-11,revancha,10,11,15,23,38,12
,2018-04-14,baloto,1,12,28,30,33,3
,2018-04-14,revancha,19,25,29,36,43,6
,2018-04-18,baloto,3,23,31,35,40,15
,2018-04-18,revancha,14,16,32,34,39,7
,2018-04-21,baloto,10,12,16,17,27,6
,2018-04-21,revancha,24,31,32,34,42,12
,2018-04-25,baloto,14,27,34,37,43,13
,2018-04-25,revancha,22,27,28,30,34,16
,2018-04-28,baloto,10,18,19,36,43,13
,2018-04-28,revancha,1,2,5,14,30,1
,2018-05-02,baloto,7,37,38,39,41,3
,2018-05-02,revancha,18,32,35,42,43,3
,2018-05-05,baloto,5,6,14,26,31,11
,2018-05-05,revancha,5,10,16,35,39,8
,2018-05-09,baloto,11,12,39,40,43,1
,2018-05-09,revancha,4,20,27,32,40,16
,2018-05-12,baloto,6,10,23,31,34,3
,2018-05-12,revancha,11,16,18,34,36,7
,2018-05-16,baloto,13,16,28,34,37,1
,2018-05-16,revancha,3,4,8,19,24,11
,2018-05-19,baloto,12,13,23,35,39,16
,2018-05-19,revancha,8,21,33,34,42,15
,2018-05-23,baloto,8,11,17,23,39,7
,2018-05-23,revancha,2,23,25,33,36,4
,2018-05-26,baloto,9,12,16,18,34,11
,2018-05-26,revancha,4,8,17,23,38,2
,2018-05-30,baloto,6,15,19,27,42,16
,2018-05-30,revancha,7,8,27,38,39,2
,2018-06-02,baloto,3,16,19,20,23,8
,2018-06-02,revancha,4,8,12,19,30,1
,2018-06-06,baloto,1,7,12,26,43,14
,2018-06-06,revancha,2,23,27,28,34,9
,2018-06-09,baloto,1,4,18,21,42,2
,2018-06-09,revancha,13,28,31,35,43,2
,2018-06-13,baloto,2,8,20,25,27,4
,2018-06-13,revancha,2,3,12,19,35,12
,2018-06-16,baloto,3,20,22,24,36,6
,2018-06-16,revancha,1,11,14,15,40,7
,2018-06-20,baloto,7,8,18,25,43,6
,2018-06-20,revancha,7,11,14,30,42,12
,2018-06-23,baloto,11,12,25,33,39,7
,2018-06-23,revancha,4,19,30,34,43,8
,2018-06-27,baloto,16,20,29,33,40,3
,2018-06-27,revancha,21,24,31,39,42,14
,2018-06-30,baloto,3,16,18,30,34,16
,2018-06-30,revancha,4,32,35,36,37,16
,2018-07-04,baloto,5,7,20,34,37,4
,2018-07-04,revancha,1,13,20,22,32,14
,2018-07-07,baloto,8,11,22,35,41,10
,2018-07-07,revancha,4,15,30,38,42,1
,2018-07-11,baloto,6,17,31,32,41,13
,2018-07-11,revancha,3,7,10,13,21,15
,2018-07-14,baloto,4,13,14,16,33,5
,2018-07-14,revancha,1,5,13,22,23,12
,2018-07-18,baloto,21,32,33,34,37,11
,2018-07-18,revancha,16,23,25,26,36,16
,2018-07-21,baloto,12,25,32,33,41,10
,2018-07-21,revancha,5,15,21,22,39,11
,2018-07-25,baloto,2,13,25,36,43,15
,2018-07-25,revancha,13,15,24,29,30,11
,2018-07-28,baloto,2,11,26,33,40,15
,2018-07-28,revancha,2,8,19,23,37,1
,2018-08-01,baloto,2,5,9,11,42,9
,2018-08-01,revancha,7,8,17,32,37,4
,2018-08-04,baloto,6,16,20,24,30,11
,2018-08-04,revancha,3,18,23,28,43,15
,2018-08-08,baloto,5,33,34,41,43,7
,2018-08-08,revancha,3,9,29,31,41,5
,2018-08-11,baloto,2,3,22,28,37,8
,2018-08-11,revancha,24,33,35,36,41,5
,2018-08-15,baloto,1,12,20,39,41,13
,2018-08-15,revancha,6,19,30,34,35,9
,2018-08-18,baloto,6,12,16,21,33,5
,2018-08-18,revancha,7,25,31,33,41,8
,2018-08-22,baloto,10,12,34,35,36,9
,2018-08-22,revancha,11,12,17,27,41,13
,2018-08-25,baloto,3,22,26,29,36,7
,2018-08-25,revancha,4,16,18,22,27,13
,2018-08-29,baloto,17,27,37,38,40,3
,2018-08-29,revancha,3,6,9,24,30,2
,2018-09-01,baloto,3,8,10,15,39,9
,2018-09-01,revancha,5,16,25,39,41,9
,2018-09-05,baloto,4,22,26,29,36,13
,2018-09-05,revancha,12,14,16,25,28,15
,2018-09-08,baloto,8,9,19,23,38,14
,2018-09-08,revancha,4,8,18,20,24,12
,2018-09-12,baloto,3,18,34,42,43,4
,2018-09-12,revancha,2,5,17,20,23,3
,2018-09-15,baloto,2,5,9,34,42,13
,2018-09-15,revancha,6,27,28,36,40,4
,2018-09-19,baloto,8,24,26,33,35,6
,2018-09-19,revancha,9,22,25,30,40,6
,2018-09-22,baloto,20,23,35,36,41,14
,2018-09-22,revancha,2,8,20,22,28,6
,2018-09-26,baloto,2,4,6,7,13,2
,2018-09-26,revancha,5,6,15,27,30,6
,2018-09-29,baloto,10,14,20,21,41,11
,2018-09-29,revancha,9,18,25,38,39,10
,2018-10-03,baloto,5,18,19,25,41,11
,2018-10-03,revancha,23,26,28,37,43,13
,2018-10-06,baloto,8,16,25,36,37,12
,2018-10-06,revancha,14,20,28,36,37,12
,2018-10-10,baloto,19,26,33,34,42,8
,2018-10-10,revancha,6,7,16,38,39,12
,2018-10-13,baloto,11,21,27,41,43,12
,2018-10-13,revancha,7,23,33,35,36,8
,2018-10-17,baloto,5,13,14,35,42,11
,2018-10-17,revancha,16,17,23,34,36,8
,2018-10-20,baloto,19,20,34,38,39,3
,2018-10-20,revancha,3,17,21,28,31,16
,2018-10-24,baloto,1,7,11,16,23,3
,2018-10-24,revancha,6,14,15,28,30,15
,2018-10-27,baloto,6,20,33,36,41,9
,2018-10-27,revancha,8,12,15,27,35,16
,2018-10-31,baloto,8,17,21,25,40,16
,2018-10-31,revancha,5,26,31,39,40,16
,2018-11-03,baloto,9,14,28,33,43,1
,2018-11-03,revancha,3,10,28,29,33,5
,2018-11-07,baloto,8,20,32,36,40,8
,2018-11-07,revancha,11,14,16,19,33,11
,2018-11-10,baloto,5,23,24,29,43,2
,2018-11-10,revancha,8,10,30,35,40,1
,2018-11-14,baloto,11,20,21,23,32,12
,2018-11-14,revancha,1,6,17,26,35,6
,2018-11-17,baloto,10,12,13,32,38,2
,2018-11-17,revancha,11,13,14,23,42,14
,2018-11-21,baloto,1,15,19,21,42,8
,2018-11-21,revancha,4,6,18,32,42,1
,2018-11-24,baloto,5,13,22,34,43,2
,2018-11-24,revancha,9,10,15,22,24,11
,2018-11-28,baloto,2,4,16,30,40,3
,2018-11-28,revancha,2,4,32,33,41,9
,2018-12-01,baloto,3,6,23,25,38,1
,2018-12-01,revancha,12,19,20,33,39,12
,2018-12-05,baloto,1,14,15,18,25,13
,2018-12-05,revancha,2,30,32,35,36,12
,2018-12-08,baloto,14,20,24,25,39,7
,2018-12-08,revancha,1,15,24,29,33,13
,2018-12-12,baloto,4,17,36,37,43,11
,2018-12-12,revancha,7,22,25,32,33,10
,2018-12-15,baloto,4,13,25,31,33,5
,2018-12-15,revancha,1,8,10,12,40,16
,2018-12-19,baloto,15,27,28,41,42,4
,2018-12-19,revancha,2,32,34,41,43,10
,2018-12-22,baloto,3,7,11,39,41,2
,2018-12-22,revancha,1,40,41,42,43,8
,2018-12-26,baloto,9,13,31,33,41,3
,2018-12-26,revancha,3,23,30,32,40,10
,2018-12-29,baloto,10,14,29,30,42,2
,2018-12-29,revancha,2,6,22,28,34,9
,2019-01-02,baloto,9,14,25,26,37,7
,2019-01-02,revancha,1,9,17,33,42,10
,2019-01-05,baloto,10,14,19,39,41,1
,2019-01-05,revancha,10,13,21,34,43,11
,2019-01-09,baloto,5,20,27,30,38,16
,2019-01-09,revancha,1,4,8,14,41,3
,2019-01-12,baloto,2,19,22,28,32,11
,2019-01-12,revancha,21,31,33,35,41,9
,2019-01-16,baloto,6,13,15,26,31,3
,2019-01-16,revancha,12,17,27,29,32,8
,2019-01-19,baloto,8,15,28,38,42,7
,2019-01-19,revancha,8,18,19,32,42,15
,2019-01-23,baloto,7,9,16,24,31,3
,2019-01-23,revancha,8,12,29,30,31,1
,2019-01-26,baloto,3,7,11,19,25,3
,2019-01-26,revancha,5,20,26,34,37,7
,2019-01-30,baloto,16,18,19,21,38,7
,2019-01-30,revancha,9,10,13,14,37,10
,2019-02-02,baloto,16,17,21,22,43,3
,2019-02-02,revancha,20,22,23,26,28,10
,2019-02-06,baloto,1,10,23,38,43,7
,2019-02-06,revancha,16,17,31,36,38,4
,2019-02-09,baloto,3,5,30,37,39,12
,2019-02-09,revancha,11,13,18,21,37,1
,2019-02-13,baloto,1,5,6,8,27,14
,2019-02-13,revancha,5,17,27,29,30,3
,2019-02-16,baloto,19,25,28,31,40,11
,2019-02-16,revancha,6,13,14,30,34,5
,2019-02-20,baloto,3,10,32,40,42,15
,2019-02-20,revancha,2,19,25,26,28,12
,2019-02-23,baloto,3,7,14,19,22,4
,2019-02-23,revancha,3,5,7,13,16,13
,2019-02-27,baloto,6,10,12,18,39,7
,2019-02-27,revancha,3,20,24,27,28,9
,2019-03-02,baloto,6,22,25,28,40,5
,2019-03-02,revancha,10,14,29,35,37,1
,2019-03-06,baloto,2,4,12,18,35,7
,2019-03-06,revancha,7,11,17,18,43,5
,2019-03-09,baloto,24,29,34,35,40,13
,2019-03-09,revancha,1,8,12,14,30,7
,2019-03-13,baloto,6,8,13,14,37,6
,2019-03-13,revancha,1,8,10,15,40,2
,2019-03-16,baloto,5,16,26,32,36,3
,2019-03-16,revancha,1,14,31,34,42,14
,2019-03-20,baloto,6,22,33,36,41,13
,2019-03-20,revancha,17,26,30,37,40,13
,2019-03-23,baloto,18,20,21,35,43,5
,2019-03-23,revancha,6,24,27,32,39,2
,2019-03-27,baloto,3,15,20,23,25,11
,2019-03-27,revancha,3,9,15,29,41,2
,2019-03-30,baloto,6,17,24,39,43,16
,2019-03-30,revancha,2,9,18,31,42,13
,2019-04-03,baloto,3,4,22,40,41,14
,2019-04-03,revancha,3,20,22,33,35,9
,2019-04-06,baloto,20,29,32,34,37,6
,2019-04-06,revancha,7,13,28,34,40,15
,2019-04-10,baloto,15,18,24,34,39,4
,2019-04-10,revancha,5,7,8,14,28,9
,2019-04-13,baloto,6,7,8,27,34,14
,2019-04-13,revancha,4,18,22,34,41,10
,2019-04-17,baloto,3,4,31,34,43,14
,2019-04-17,revancha,2,9,15,30,32,8
,2019-04-20,baloto,10,17,24,29,43,14
,2019-04-20,revancha,1,12,13,19,27,4
,2019-04-24,baloto,4,8,32,34,40,4
,2019-04-24,revancha,12,13,14,31,35,9
,2019-04-27,baloto,1,13,32,37,43,10
,2019-04-27,revancha,2,15,30,37,38,13
,2019-05-01,baloto,1,4,8,19,27,5
,2019-05-01,revancha,9,15,24,31,36,3
,2019-05-04,baloto,4,11,12,16,26,2
,2019-05-04,revancha,9,11,31,35,36,10
,2019-05-08,baloto,1,4,21,30,43,15
,2019-05-08,revancha,11,15,23,26,39,3
,2019-05-11,baloto,3,11,27,39,41,4
,2019-05-11,revancha,13,19,28,39,42,15
,2019-05-15,baloto,3,17,25,39,42,4
,2019-05-15,revancha,14,22,23,31,38,9
,2019-05-18,baloto,3,4,20,25,37,12
,2019-05-18,revancha,13,26,33,35,40,13
,2019-05-22,baloto,9,16,20,28,37,5
,2019-05-22,revancha,3,18,24,34,36,4
,2019-05-25,baloto,2,10,14,34,40,14
,2019-05-25,revancha,4,6,20,27,35,13
,2019-05-29,baloto,1,2,22,29,42,16
,2019-05-29,revancha,6,20,22,30,34,5
,2019-06-01,baloto,1,3,17,23,32,16
,2019-06-01,revancha,7,17,18,24,28,4
,2019-06-05,baloto,1,4,8,22,37,13
,2019-06-05,revancha,13,16,17,22,25,1
,2019-06-08,baloto,10,25,29,35,37,5
,2019-06-08,revancha,3,29,30,36,37,3
,2019-06-12,baloto,3,8,25,28,40,2
,2019-06-12,revancha,1,5,8,20,29,13
,2019-06-15,baloto,10,14,27,35,41,12
,2019-06-15,revancha,2,3,12,29,31,3
,2019-06-19,baloto,4,10,20,32,33,15
,2019-06-19,revancha,9,10,26,30,36,10
,2019-06-22,baloto,15,16,24,26,32,10
,2019-06-22,revancha,2,5,12,38,40,7
,2019-06-26,baloto,6,12,15,26,35,7
,2019-06-26,revancha,18,31,33,34,42,8
,2019-06-29,baloto,2,12,16,26,30,2
,2019-06-29,revancha,8,26,31,38,39,11
,2019-07-03,baloto,1,2,3,10,31,1
,2019-07-03,revancha,3,4,22,38,43,12
,2019-07-06,baloto,1,8,21,34,35,10
,2019-07-06,revancha,15,20,25,35,43,9
,2019-07-10,baloto,9,12,31,33,43,11
,2019-07-10,revancha,2,4,19,27,34,3
,2019-07-13,baloto,2,18,29,37,39,13
,2019-07-13,revancha,3,20,28,37,39,4
,2019-07-17,baloto,6,12,14,15,38,10
,2019-07-17,revancha,7,9,11,13,38,15
,2019-07-20,baloto,10,11,15,31,38,5
,2019-07-20,revancha,5,19,20,22,34,11
,2019-07-24,baloto,3,12,24,25,26,12
,2019-07-24,revancha,6,10,14,21,26,15
,2019-07-27,baloto,9,13,18,19,33,9
,2019-07-27,revancha,5,16,18,25,30,1
,2019-07-31,baloto,10,20,25,28,30,3
,2019-07-31,revancha,2,3,10,24,28,11
,2019-08-03,baloto,2,11,33,36,38,11
,2019-08-03,revancha,4,11,24,26,27,5
,2019-08-07,baloto,6,27,32,40,42,1
,2019-08-07,revancha,4,25,31,38,43,12
,2019-08-10,baloto,6,29,34,41,42,16
,2019-08-10,revancha,15,29,32,40,43,16
,2019-08-14,baloto,7,22,25,36,37,3
,2019-08-14,revancha,7,15,22,23,42,2
,2019-08-17,baloto,10,12,25,27,41,3
,2019-08-17,revancha,7,15,27,32,40,5
,2019-08-21,baloto,6,8,13,28,29,8
,2019-08-21,revancha,8,14,28,36,43,13
,2019-08-24,baloto,4,8,12,17,35,12
,2019-08-24,revancha,17,24,25,40,42,4
,2019-08-28,baloto,11,18,29,35,37,6
,2019-08-28,revancha,3,15,26,31,34,3
,2019-08-31,baloto,17,18,33,41,42,8
,2019-08-31,revancha,8,15,21,27,32,3
,2019-09-04,baloto,2,11,18,23,43,14
,2019-09-04,revancha,2,7,16,26,41,2
,2019-09-07,baloto,11,14,20,30,34,7
,2019-09-07,revancha,4,7,11,39,43,6
,2019-09-11,baloto,6,19,23,25,41,7
,2019-09-11,revancha,10,18,23,29,41,7
,2019-09-14,baloto,1,19,31,37,39,11
,2019-09-14,revancha,1,2,5,21,35,12
,2019-09-18,baloto,18,23,28,33,35,12
,2019-09-18,revancha,14,20,23,33,38,10
,2019-09-21,baloto,21,23,26,37,43,11
,2019-09-21,revancha,2,25,26,28,35,1
,2019-09-25,baloto,4,11,14,16,36,15
,2019-09-25,revancha,9,10,14,41,42,11
,2019-09-28,baloto,1,9,27,29,35,13
,2019-09-28,revancha,1,7,19,22,34,3
,2019-10-02,baloto,3,10,20,30,39,11
,2019-10-02,revancha,4,8,14,29,41,10
,2019-10-05,baloto,19,23,26,30,36,11
,2019-10-05,revancha,3,4,7,13,24,14
,2019-10-09,baloto,4,9,10,35,40,11
,2019-10-09,revancha,2,7,26,32,33,12
,2019-10-12,baloto,2,8,9,12,39,13
,2019-10-12,revancha,7,9,10,22,39,8
,2019-10-16,baloto,5,13,14,26,31,15
,2019-10-16,revancha,3,20,24,37,38,11
,2019-10-19,baloto,4,8,19,20,35,9
,2019-10-19,revancha,4,9,10,17,25,6
,2019-10-23,baloto,12,19,20,29,43,1
,2019-10-23,revancha,1,12,23,29,38,9
,2019-10-26,baloto,2,11,24,28,39,3
,2019-10-26,revancha,1,19,31,36,41,15
,2019-10-30,baloto,3,10,16,25,41,8
,2019-10-30,revancha,7,18,21,23,28,13
,2019-11-02,baloto,2,3,4,12,16,10
,2019-11-02,revancha,11,19,20,27,28,4
,2019-11-06,baloto,7,16,19,20,37,2
,2019-11-06,revancha,11,18,30,40,42,10
,2019-11-09,baloto,2,10,16,23,25,11
,2019-11-09,revancha,4,8,10,26,32,3
,2019-11-13,baloto,8,11,13,18,27,12
,2019-11-13,revancha,8,14,20,23,28,7
,2019-11-16,baloto,3,7,23,30,35,5
,2019-11-16,revancha,6,21,23,31,32,15
,2019-11-20,baloto,2,14,16,17,31,2
,2019-11-20,revancha,1,10,15,20,28,15
,2019-11-23,baloto,17,18,20,27,29,11
,2019-11-23,revancha,2,5,13,27,41,7
,2019-11-27,baloto,11,19,29,36,40,7
,2019-11-27,revancha,8,18,22,23,28,11
,2019-11-30,baloto,2,3,18,21,36,13
,2019-11-30,revancha,8,22,24,25,40,12
,2019-12-04,baloto,10,15,16,29,39,16
,2019-12-04,revancha,2,4,18,28,33,11
,2019-12-07,baloto,12,15,16,38,39,10
,2019-12-07,revancha,2,10,36,37,40,15
,2019-12-11,baloto,4,13,24,39,41,1
,2019-12-11,revancha,8,15,26,32,37,3
,2019-12-14,baloto,11,21,33,39,43,8
,2019-12-14,revancha,1,8,9,22,23,7
,2019-12-18,baloto,8,19,22,25,38,2
,2019-12-18,revancha,6,7,15,38,40,16
,2019-12-21,baloto,8,14,17,23,37,13
,2019-12-21,revancha,13,21,22,24,32,16
,2019-12-25,baloto,21,30,35,36,41,2
,2019-12-25,revancha,9,19,20,35,39,12
,2019-12-28,baloto,2,9,17,27,42,11
,2019-12-28,revancha,1,9,20,33,41,9
,2020-01-01,baloto,24,26,35,36,41,9
,2020-01-01,revancha,8,18,19,22,38,11
,2020-01-04,baloto,4,9,15,24,29,7
,2020-01-04,revancha,4,8,16,31,37,7
,2020-01-08,baloto,10,11,15,28,35,11
,2020-01-08,revancha,4,15,17,19,25,1
,2020-01-11,baloto,1,4,29,32,33,2
,2020-01-11,revancha,10,20,23,28,39,8
,2020-01-15,baloto,16,28,37,42,43,9
,2020-01-15,revancha,4,13,18,29,37,13
,2020-01-18,baloto,2,8,9,25,33,12
,2020-01-18,revancha,8,17,18,37,42,11
,2020-01-22,baloto,1,7,10,25,27,2
,2020-01-22,revancha,4,26,32,36,42,4
,2020-01-25,baloto,12,22,30,31,34,7
,2020-01-25,revancha,9,16,26,29,31,16
,2020-01-29,baloto,17,21,32,36,37,3
,2020-01-29,revancha,6,19,31,33,39,5
,2020-02-01,baloto,1,18,19,34,40,2
,2020-02-01,revancha,2,10,13,16,26,11
,2020-02-05,baloto,6,14,25,29,42,13
,2020-02-05,revancha,4,8,22,25,28,14
,2020-02-08,baloto,4,12,15,33,42,3
,2020-02-08,revancha,3,6,7,21,34,5
,2020-02-12,baloto,10,15,20,32,41,14
,2020-02-12,revancha,6,11,28,34,39,11
,2020-02-15,baloto,5,8,10,13,20,8
,2020-02-15,revancha,3,27,35,39,42,15
,2020-02-19,baloto,1,14,18,22,43,6
,2020-02-19,revancha,1,5,15,18,39,7
,2020-02-22,baloto,19,20,24,34,43,5
,2020-02-22,revancha,5,11,22,27,35,15
,2020-02-26,baloto,5,8,12,17,43,9
,2020-02-26,revancha,1,11,23,30,32,14
,2020-02-29,baloto,5,23,26,32,38,11
,2020-02-29,revancha,2,7,15,16,22,4
,2020-03-04,baloto,4,9,14,31,34,15
,2020-03-04,revancha,5,12,14,15,40,5
,2020-03-07,baloto,1,4,8,11,36,9
,2020-03-07,revancha,2,10,11,17,22,12
,2020-03-11,baloto,8,19,25,36,38,6
,2020-03-11,revancha,23,25,26,27,41,9
,2020-03-14,baloto,11,20,21,38,40,9
,2020-03-14,revancha,3,17,22,35,36,12
,2020-03-18,baloto,2,3,4,5,29,12
,2020-03-18,revancha,2,14,26,29,40,8
,2020-03-21,baloto,4,9,20,35,43,5
,2020-03-21,revancha,9,22,25,31,40,15
,2020-04-29,baloto,5,24,27,32,35,15
,2020-04-29,revancha,5,6,16,18,22,7
,2020-05-02,baloto,8,11,15,35,40,14
,2020-05-02,revancha,11,19,24,34,39,2
,2020-05-06,baloto,9,17,28,31,40,2
,2020-05-06,revancha,6,17,30,38,39,3
,2020-05-09,baloto,24,30,37,38,40,7
,2020-05-09,revancha,13,28,32,41,43,1
,2020-05-13,baloto,6,10,14,22,39,14
,2020-05-13,revancha,7,32,37,38,41,7
,2020-05-16,baloto,16,18,26,37,42,2
,2020-05-16,revancha,4,10,18,30,37,6
,2020-05-20,baloto,3,7,12,13,40,13
,2020-05-20,revancha,2,3,8,17,19,11
,2020-05-23,baloto,2,11,26,32,41,5
,2020-05-23,revancha,1,5,15,30,40,13
,2020-05-27,baloto,4,8,18,25,29,7
,2020-05-27,revancha,21,26,30,31,37,3
,2020-05-30,baloto,1,7,14,35,43,12
,2020-05-30,revancha,7,20,26,32,38,14
,2020-06-03,baloto,9,12,23,33,36,7
,2020-06-03,revancha,23,25,26,29,41,1
,2020-06-06,baloto,2,7,9,12,34,16
,2020-06-06,revancha,7,16,26,30,32,7
,2020-06-10,baloto,7,14,16,18,36,11
,2020-06-10,revancha,1,3,36,39,40,6
,2020-06-13,baloto,13,25,30,36,41,7
,2020-06-13,revancha,2,9,10,29,31,13
,2020-06-17,baloto,1,3,8,28,41,15
,2020-06-17,revancha,7,14,19,37,40,13
,2020-06-20,baloto,5,14,28,31,39,10
,2020-06-20,revancha,14,25,28,34,36,5
,2020-06-24,baloto,5,29,33,34,39,9
,2020-06-24,revancha,3,12,29,33,37,5
,2020-06-27,baloto,8,12,16,21,27,16
,2020-06-27,revancha,4,9,25,31,36,15
,2020-07-01,baloto,1,8,14,23,40,11
,2020-07-01,revancha,7,8,13,27,41,15
,2020-07-04,baloto,3,30,32,38,41,6
,2020-07-04,revancha,23,24,25,26,38,10
,2020-07-08,baloto,22,34,36,37,43,12
,2020-07-08,revancha,1,23,24,26,42,9
,2020-07-11,baloto,10,13,22,26,42,5
,2020-07-11,revancha,1,2,5,30,43,7
,2020-07-15,baloto,4,5,13,16,41,2
,2020-07-15,revancha,3,19,30,36,39,1
,2020-07-18,baloto,5,6,7,28,32,16
,2020-07-18,revancha,12,15,29,39,41,4
,2020-07-22,baloto,2,22,24,27,37,6
,2020-07-22,revancha,15,21,23,36,37,6
,2020-07-25,baloto,5,12,25,26,43,7
,2020-07-25,revancha,3,11,15,23,26,9
,2020-07-29,baloto,2,8,14,19,28,7
,2020-07-29,revancha,2,4,6,16,34,12
,2020-08-01,baloto,7,24,29,30,38,5
,2020-08-01,revancha,2,15,27,28,41,2
,2020-08-05,baloto,18,24,28,36,40,5
,2020-08-05,revancha,5,27,34,36,39,10
,2020-08-08,baloto,4,11,22,25,26,8
,2020-08-08,revancha,7,15,26,41,43,9
,2020-08-12,baloto,1,13,24,27,39,16
,2020-08-12,revancha,8,25,31,33,39,10
,2020-08-15,baloto,13,29,30,40,42,10
,2020-08-15,revancha,5,15,27,36,38,15
,2020-08-19,baloto,2,7,14,25,31,10
,2020-08-19,revancha,1,4,10,14,25,14
,2020-08-22,baloto,7,18,23,31,36,14
,2020-08-22,revancha,1,11,24,32,39,4
,2020-08-26,baloto,8,17,26,27,31,11
,2020-08-26,revancha,3,19,23,30,40,13
,2020-08-29,baloto,10,18,21,24,43,16
,2020-08-29,revancha,16,19,20,22,25,6
,2020-09-02,baloto,3,19,20,21,28,13
,2020-09-02,revancha,4,11,22,34,38,4
,2020-09-05,baloto,2,10,27,30,31,10
,2020-09-05,revancha,4,8,24,26,32,15
,2020-09-09,baloto,7,11,16,30,35,3
,2020-09-09,revancha,1,9,18,23,38,6
,2020-09-12,baloto,10,11,37,40,41,9
,2020-09-12,revancha,8,15,21,27,35,10
,2020-09-16,baloto,2,19,22,25,37,15
,2020-09-16,revancha,7,15,18,29,32,14
,2020-09-19,baloto,6,14,21,28,35,2
,2020-09-19,revancha,10,15,21,33,39,7
,2020-09-23,baloto,10,20,21,34,36,3
,2020-09-23,revancha,8,36,37,38,42,14
,2020-09-26,baloto,1,5,18,38,41,10
,2020-09-26,revancha,4,13,22,36,37,10
,2020-09-30,baloto,1,9,13,16,30,5
,2020-09-30,revancha,5,18,29,33,34,6
,2020-10-03,baloto,9,17,28,35,38,1
,2020-10-03,revancha,8,9,11,36,42,13
,2020-10-07,baloto,13,22,27,40,41,5
,2020-10-07,revancha,10,13,18,19,37,6
,2020-10-10,baloto,1,2,15,36,39,4
,2020-10-10,revancha,7,25,29,32,41,7
,2020-10-14,baloto,5,8,11,16,32,13
,2020-10-14,revancha,5,12,32,34,43,10
,2020-10-17,baloto,2,21,27,36,40,15
,2020-10-17,revancha,1,5,16,26,29,8
,2020-10-21,baloto,1,3,26,33,34,10
,2020-10-21,revancha,4,11,12,21,36,8
,2020-10-24,baloto,19,20,28,40,42,13
,2020-10-24,revancha,6,10,18,27,35,10
,2020-10-28,baloto,9,19,20,36,37,12
,2020-10-28,revancha,2,5,7,12,22,8
,2020-10-31,baloto,1,2,5,16,23,11
,2020-10-31,revancha,9,17,21,34,40,4
,2020-11-04,baloto,22,26,29,30,39,7
,2020-11-04,revancha,4,12,13,24,32,6
,2020-11-07,baloto,22,30,32,40,42,12
,2020-11-07,revancha,3,8,9,23,35,8
,2020-11-11,baloto,3,5,11,25,29,6
,2020-11-11,revancha,23,24,25,29,40,1
,2020-11-14,baloto,12,19,20,33,37,14
,2020-11-14,revancha,2,3,4,11,33,4
,2020-11-18,baloto,17,20,26,35,40,13
,2020-11-18,revancha,10,25,26,27,29,7
,2020-11-21,baloto,6,18,34,40,43,16
,2020-11-21,revancha,5,16,18,28,41,2
,2020-11-25,baloto,2,21,22,30,34,7
,2020-11-25,revancha,9,15,19,30,34,1
,2020-11-28,baloto,7,15,23,30,32,15
,2020-11-28,revancha,14,22,25,32,40,2
,2020-12-02,baloto,7,19,27,31,36,12
,2020-12-02,revancha,10,18,20,22,24,6
,2020-12-05,baloto,5,13,19,21,25,13
,2020-12-05,revancha,4,19,32,35,41,16
,2020-12-09,baloto,5,10,21,28,42,16
,2020-12-09,revancha,3,16,21,28,39,13
,2020-12-12,baloto,1,3,12,15,23,9
,2020-12-12,revancha,6,11,20,22,33,4
,2020-12-16,baloto,9,24,25,27,40,6
,2020-12-16,revancha,5,18,19,25,36,10
,2020-12-19,baloto,1,8,14,28,34,13
,2020-12-19,revancha,5,10,13,16,18,3
,2020-12-23,baloto,5,12,23,28,35,14
,2020-12-23,revancha,4,5,15,36,42,16
,2020-12-26,baloto,12,19,24,37,42,3
,2020-12-26,revancha,18,23,26,35,36,10
,2020-12-30,baloto,5,19,24,27,29,4
,2020-12-30,revancha,1,17,27,29,38,16
,2021-01-02,baloto,16,21,24,26,33,8
,2021-01-02,revancha,6,11,13,40,43,5
,2021-01-06,baloto,6,29,37,39,43,13
,2021-01-06,revancha,3,6,9,31,32,11
,2021-01-09,baloto,8,28,33,41,43,4
,2021-01-09,revancha,7,10,17,37,43,7
,2021-01-13,baloto,1,14,36,37,40,8
,2021-01-13,revancha,1,9,11,23,41,1
,2021-01-16,baloto,7,14,18,27,28,4
,2021-01-16,revancha,2,11,13,22,38,4
,2021-01-20,baloto,17,24,26,28,40,16
,2021-01-20,revancha,1,3,9,22,25,8
,2021-01-23,baloto,7,15,22,25,32,9
,2021-01-23,revancha,3,5,11,37,40,5
,2021-01-27,baloto,14,19,21,22,23,2
,2021-01-27,revancha,3,8,12,15,38,5
,2021-01-30,baloto,1,10,11,23,33,10
,2021-01-30,revancha,5,6,8,21,23,9
,2021-02-03,baloto,6,13,17,33,38,12
,2021-02-03,revancha,7,15,34,40,42,14
,2021-02-06,baloto,7,15,23,29,35,8
,2021-02-06,revancha,5,17,23,28,35,16
,2021-02-10,baloto,4,15,31,36,40,6
,2021-02-10,revancha,7,18,19,33,35,12
,2021-02-13,baloto,3,4,5,7,21,16
,2021-02-13,revancha,3,11,18,36,37,4
,2021-02-17,baloto,11,21,22,38,42,4
,2021-02-17,revancha,1,6,12,40,42,2
,2021-02-20,baloto,4,6,17,24,25,14
,2021-02-20,revancha,2,14,28,34,39,15
,2021-02-24,baloto,5,7,8,12,25,1
,2021-02-24,revancha,5,10,12,24,41,5
,2021-02-27,baloto,6,17,22,30,42,5
,2021-02-27,revancha,7,17,19,27,36,12
,2021-03-03,baloto,6,8,15,32,33,13
,2021-03-03,revancha,2,3,14,38,42,13
,2021-03-06,baloto,1,13,16,19,20,2
,2021-03-06,revancha,8,10,18,31,42,1
,2021-03-10,baloto,1,4,21,27,33,3
,2021-03-10,revancha,13,22,26,36,38,12
,2021-03-13,baloto,4,6,27,35,39,2
,2021-03-13,revancha,14,15,38,42,43,13
,2021-03-17,baloto,14,28,33,34,35,15
,2021-03-17,revancha,2,22,30,35,39,15
,2021-03-20,baloto,10,16,23,31,43,12
,2021-03-20,revancha,5,22,28,29,38,8
,2021-03-24,baloto,2,20,32,37,43,13
,2021-03-24,revancha,5,19,30,35,37,3
,2021-03-27,baloto,13,20,25,30,35,4
,2021-03-27,revancha,8,11,25,31,32,3
,2021-03-31,baloto,5,7,11,17,22,3
,2021-03-31,revancha,4,10,28,37,43,10
,2021-04-03,baloto,2,23,30,33,40,16
,2021-04-03,revancha,7,13,27,29,41,15
,2021-04-07,baloto,4,31,37,41,42,5
,2021-04-07,revancha,1,2,8,34,36,1
,2021-04-10,baloto,17,18,36,37,42,2
,2021-04-10,revancha,5,10,20,22,41,2
,2021-04-14,baloto,27,31,32,42,43,1
,2021-04-14,revancha,14,16,18,24,31,11
,2021-04-17,baloto,5,7,11,16,29,5
,2021-04-17,revancha,19,27,33,35,40,9
,2021-04-21,baloto,3,12,19,20,24,2
,2021-04-21,revancha,6,9,16,22,27,8
,2021-04-24,baloto,6,10,25,31,36,16
,2021-04-24,revancha,5,9,10,18,27,5
,2021-04-28,baloto,3,19,34,37,43,7
,2021-04-28,revancha,9,23,31,39,42,10
2081,2021-05-01,baloto,22,23,27,28,30,3
2081,2021-05-01,revancha,1,16,34,41,43,2
2082,2021-05-05,baloto,2,5,10,23,34,7
2082,2021-05-05,revancha,3,15,17,29,32,16
2083,2021-05-08,baloto,4,8,9,28,37,11
2083,2021-05-08,revancha,5,10,24,29,41,11
2084,2021-05-12,baloto,4,23,28,29,31,16
2084,2021-05-12,revancha,4,6,8,9,16,5
2085,2021-05-15,baloto,3,5,25,30,42,8
2085,2021-05-15,revancha,17,26,31,35,38,10
2086,2021-05-19,baloto,9,12,16,21,30,1
2086,2021-05-19,revancha,13,20,29,39,40,16
2087,2021-05-22,baloto,8,29,32,34,42,5
2087,2021-05-22,revancha,2,9,13,35,39,12
2088,2021-05-26,baloto,3,9,12,34,35,13
2088,2021-05-26,revancha,5,16,31,32,33,14
2089,2021-05-29,baloto,8,12,18,40,43,4
2089,2021-05-29,revancha,1,8,18,29,40,2
2090,2021-06-02,baloto,1,15,22,36,37,13
2090,2021-06-02,revancha,3,5,22,26,35,3
2091,2021-06-05,baloto,1,4,5,16,30,7
2091,2021-06-05,revancha,1,9,10,13,27,8
2092,2021-06-09,baloto,7,14,20,34,41,4
2092,2021-06-09,revancha,6,7,26,27,41,15
2093,2021-06-12,baloto,9,15,25,27,33,13
2093,2021-06-12,revancha,18,19,25,26,43,9
2094,2021-06-16,baloto,7,8,21,30,42,2
2094,2021-06-16,revancha,2,6,28,34,38,11
2095,2021-06-19,baloto,1,5,8,14,40,8
2095,2021-06-19,revancha,5,8,14,26,33,3
2096,2021-06-23,baloto,6,19,20,37,38,10
2096,2021-06-23,revancha,15,16,17,39,41,9
2097,2021-06-26,baloto,6,21,22,34,36,10
2097,2021-06-26,revancha,4,14,31,32,43,16
2098,2021-06-30,baloto,26,29,39,42,43,4
2098,2021-06-30,revancha,23,28,35,37,38,15
2099,2021-07-03,baloto,21,22,23,33,41,8
2099,2021-07-03,revancha,1,9,13,22,29,14
2100,2021-07-07,baloto,5,9,16,29,42,11
2100,2021-07-07,revancha,5,17,21,26,31,7
2101,2021-07-10,baloto,8,15,30,35,36,3
2101,2021-07-10,revancha,3,5,25,27,36,14
2102,2021-07-14,baloto,7,8,18,34,42,8
2102,2021-07-14,revancha,20,24,27,29,36,1
2103,2021-07-17,baloto,14,18,20,32,33,4
2103,2021-07-17,revancha,15,16,24,26,40,9
2104,2021-07-21,baloto,7,9,15,16,26,11
2104,2021-07-21,revancha,3,7,23,35,36,10
2105,2021-07-24,baloto,21,22,29,30,38,11
2105,2021-07-24,revancha,3,13,16,36,40,5
2106,2021-07-28,baloto,6,22,28,32,36,2
2106,2021-07-28,revancha,8,19,28,36,40,14
2107,2021-07-31,baloto,1,27,28,34,37,11
2107,2021-07-31,revancha,2,9,17,24,25,8
2108,2021-08-04,baloto,6,10,15,33,42,16
2108,2021-08-04,revancha,1,8,19,29,40,7
2109,2021-08-07,baloto,14,18,20,39,41,5
2109,2021-08-07,revancha,1,6,21,34,40,7
2110,2021-08-11,baloto,2,9,24,26,42,5
2110,2021-08-11,revancha,3,11,22,27,39,2
2111,2021-08-14,baloto,10,14,32,35,42,13
2111,2021-08-14,revancha,15,21,31,32,33,6
2112,2021-08-18,baloto,8,12,15,31,38,14
2112,2021-08-18,revancha,6,9,19,37,39,15
2113,2021-08-21,baloto,12,14,18,37,40,2
2113,2021-08-21,revancha,8,13,22,24,30,10
2114,2021-08-25,baloto,7,18,20,22,34,11
2114,2021-08-25,revancha,3,7,9,17,39,8
2115,2021-08-28,baloto,8,18,21,30,43,5
2115,2021-08-28,revancha,3,20,27,40,43,1
2116,2021-09-01,baloto,1,7,9,31,40,13
2116,2021-09-01,revancha,7,12,20,23,32,1
2117,2021-09-04,baloto,22,30,31,34,41,16
2117,2021-09-04,revancha,8,15,30,36,41,14
2118,2021-09-08,baloto,8,14,25,31,34,6
2118,2021-09-08,revancha,11,19,28,32,36,6
2119,2021-09-11,baloto,8,9,25,32,41,1
2119,2021-09-11,revancha,7,12,27,35,41,8
2120,2021-09-15,baloto,15,20,34,35,38,13
2120,2021-09-15,revancha,4,22,28,35,37,16
2121,2021-09-18,baloto,2,10,11,18,23,10
2121,2021-09-18,revancha,12,24,34,37,40,8
2122,2021-09-22,baloto,14,19,40,41,43,2
2122,2021-09-22,revancha,8,23,27,33,42,9
2123,2021-09-25,baloto,9,17,39,41,43,1
2123,2021-09-25,revancha,6,7,23,36,43,10
2124,2021-09-29,baloto,20,28,35,37,39,3
2124,2021-09-29,revancha,4,9,13,18,25,9
2125,2021-10-02,baloto,1,16,24,36,42,11
2125,2021-10-02,revancha,19,30,38,39,41,1
2126,2021-10-06,baloto,5,20,22,32,35,16
2126,2021-10-06,revancha,10,20,25,30,36,16
2127,2021-10-09,baloto,5,15,27,34,35,4
2127,2021-10-09,revancha,4,8,12,27,41,6
2128,2021-10-13,baloto,1,2,11,15,33,12
2128,2021-10-13,revancha,2,10,15,22,25,6
2129,2021-10-16,baloto,2,8,11,13,22,15
2129,2021-10-16,revancha,6,10,25,26,27,6
2130,2021-10-20,baloto,11,14,15,22,25,16
2130,2021-10-20,revancha,13,14,18,21,39,13
2131,2021-10-23,baloto,2,5,7,20,34,14
2131,2021-10-23,revancha,1,2,18,19,23,7
2132,2021-10-27,baloto,12,14,18,28,40,8
2132,2021-10-27,revancha,6,9,16,17,26,6
2133,2021-10-30,baloto,17,19,21,24,40,11
2133,2021-10-30,revancha,12,19,31,42,43,2
2134,2021-11-03,baloto,7,13,17,21,36,1
2134,2021-11-03,revancha,4,12,35,39,43,14
2135,2021-11-06,baloto,4,5,29,37,42,13
2135,2021-11-06,revancha,3,19,26,32,43,11
2136,2021-11-10,baloto,18,35,37,39,42,13
2136,2021-11-10,revancha,5,7,23,34,43,11
2137,2021-11-13,baloto,1,6,16,22,31,16
2137,2021-11-13,revancha,11,12,28,29,32,13
2138,2021-11-17,baloto,6,7,9,18,35,6
2138,2021-11-17,revancha,1,11,22,32,33,12
2139,2021-11-20,baloto,12,15,22,26,28,7
2139,2021-11-20,revancha,1,4,12,13,33,13
2140,2021-11-24,baloto,17,25,29,34,36,12
2140,2021-11-24,revancha,4,7,19,33,39,8
2141,2021-11-27,baloto,9,13,24,29,38,9
2141,2021-11-27,revancha,6,20,24,30,40,16
2142,2021-12-01,baloto,13,15,16,24,43,13
2142,2021-12-01,revancha,9,11,15,20,35,2
2143,2021-12-04,baloto,9,11,22,26,42,15
2143,2021-12-04,revancha,25,27,31,42,43,14
2144,2021-12-08,baloto,1,4,6,12,22,10
2144,2021-12-08,revancha,9,25,33,35,40,7
2145,2021-12-11,baloto,2,8,20,35,38,3
2145,2021-12-11,revancha,9,16,19,29,39,1
2146,2021-12-15,baloto,1,15,20,31,35,15
2146,2021-12-15,revancha,7,25,34,42,43,2
2147,2021-12-18,baloto,2,18,22,24,28,4
2147,2021-12-18,revancha,3,16,22,26,40,12
2148,2021-12-22,baloto,5,11,29,30,43,14
2148,2021-12-22,revancha,5,20,35,38,43,2
2149,2021-12-25,baloto,2,5,16,24,39,15
2149,2021-12-25,revancha,14,15,26,28,40,14
2150,2021-12-29,baloto,8,24,34,38,42,11
2150,2021-12-29,revancha,16,17,24,26,28,4
2151,2022-01-01,baloto,17,19,20,21,26,13
2151,2022-01-01,revancha,2,8,21,38,43,7
2152,2022-01-05,baloto,10,33,36,40,43,16
2152,2022-01-05,revancha,20,21,38,40,43,5
2153,2022-01-08,baloto,8,11,30,31,38,7
2153,2022-01-08,revancha,9,16,18,21,27,5
2154,2022-01-12,baloto,1,2,11,34,41,10
2154,2022-01-12,revancha,2,12,17,30,32,1
2155,2022-01-15,baloto,4,13,20,27,42,1
2155,2022-01-15,revancha,1,5,9,21,24,10
2156,2022-01-19,baloto,14,17,24,25,41,1
2156,2022-01-19,revancha,22,24,34,38,43,6
2157,2022-01-22,baloto,1,5,13,27,30,7
2157,2022-01-22,revancha,12,14,35,38,40,1
2158,2022-01-26,baloto,12,15,28,35,38,1
2158,2022-01-26,revancha,22,24,31,33,34,13
2159,2022-01-29,baloto,8,18,19,22,32,1
2159,2022-01-29,revancha,18,24,29,40,41,5
2160,2022-02-02,baloto,3,9,22,23,36,2
2160,2022-02-02,revancha,3,14,15,19,31,7
2161,2022-02-05,baloto,5,9,27,38,42,1
2161,2022-02-05,revancha,2,11,12,24,43,12
2162,2022-02-09,baloto,1,6,24,33,43,8
2162,2022-02-09,revancha,2,3,8,15,33,6
2163,2022-02-12,baloto,1,7,22,28,38,6
2163,2022-02-12,revancha,1,12,13,33,36,3
2164,2022-02-16,baloto,14,18,24,37,43,15
2164,2022-02-16,revancha,5,8,9,21,42,8
2165,2022-02-19,baloto,3,22,27,31,32,10
2165,2022-02-19,revancha,7,17,33,35,41,9
2166,2022-02-23,baloto,7,13,36,38,42,9
2166,2022-02-23,revancha,17,20,23,32,40,2
2167,2022-02-26,baloto,3,8,25,36,38,10
2167,2022-02-26,revancha,29,32,33,39,43,1
2168,2022-03-02,baloto,15,20,26,37,40,13
2168,2022-03-02,revancha,3,4,9,19,26,15
2169,2022-03-05,baloto,1,4,5,29,33,11
2169,2022-03-05,revancha,5,12,18,21,22,2
2170,2022-03-09,baloto,17,18,19,27,37,14
2170,2022-03-09,revancha,7,9,21,32,35,7
2171,2022-03-12,baloto,1,4,10,16,25,15
2171,2022-03-12,revancha,2,3,7,24,34,3
2172,2022-03-16,baloto,1,11,31,33,36,7
2172,2022-03-16,revancha,2,13,16,34,38,16
2173,2022-03-19,baloto,9,27,36,39,43,8
2173,2022-03-19,revancha,23,28,31,33,38,4
2174,2022-03-23,baloto,3,9,37,40,42,11
2174,2022-03-23,revancha,16,18,28,30,34,1
2175,2022-03-26,baloto,19,23,33,34,40,5
2175,2022-03-26,revancha,5,19,24,34,39,13
2176,2022-03-30,baloto,4,6,16,36,37,14
2176,2022-03-30,revancha,22,29,30,33,40,3
2177,2022-04-02,baloto,3,7,8,18,38,7
2177,2022-04-02,revancha,13,28,33,37,43,14
2178,2022-04-06,baloto,11,24,33,42,43,15
2178,2022-04-06,revancha,4,14,28,32,35,15
2179,2022-04-09,baloto,20,27,31,34,41,9
2179,2022-04-09,revancha,1,15,27,30,43,3
2180,2022-04-13,baloto,7,9,16,23,28,12
2180,2022-04-13,revancha,7,10,13,28,31,2
2181,2022-04-16,baloto,1,5,8,17,30,15
2181,2022-04-16,revancha,13,14,27,28,39,13
2182,2022-04-20,baloto,13,16,35,38,42,3
2182,2022-04-20,revancha,5,12,18,32,36,12
2183,2022-04-23,baloto,6,16,28,39,40,2
2183,2022-04-23,revancha,3,23,29,30,38,3
2184,2022-04-27,baloto,4,9,20,25,43,14
2184,2022-04-27,revancha,6,7,15,17,31,12
2185,2022-04-30,baloto,3,5,10,30,40,8
2185,2022-04-30,revancha,12,19,24,34,35,10
2186,2022-05-04,baloto,14,27,34,38,40,14
2186,2022-05-04,revancha,3,10,11,19,41,15
2187,2022-05-07,baloto,4,18,30,41,43,11
2187,2022-05-07,revancha,2,6,11,19,22,16
2188,2022-05-11,baloto,21,26,27,30,31,2
2188,2022-05-11,revancha,5,11,22,23,24,15
2189,2022-05-14,baloto,5,7,20,26,33,14
2189,2022-05-14,revancha,4,12,14,28,38,10
2190,2022-05-18,baloto,15,20,27,38,42,3
2190,2022-05-18,revancha,22,23,28,32,38,5
2191,2022-05-21,baloto,13,19,21,25,36,12
2191,2022-05-21,revancha,23,26,27,31,42,4
2192,2022-05-25,baloto,5,10,14,37,40,6
2192,2022-05-25,revancha,1,8,21,28,36,5
2193,2022-05-28,baloto,6,20,25,29,41,4
2193,2022-05-28,revancha,6,29,33,40,42,12
2194,2022-06-01,baloto,13,17,25,26,35,4
2194,2022-06-01,revancha,10,17,18,25,28,16
2195,2022-06-04,baloto,20,24,32,35,37,5
2195,2022-06-04,revancha,3,7,10,26,31,8
2196,2022-06-08,baloto,5,6,17,22,31,10
2196,2022-06-08,revancha,12,22,28,42,43,9
2197,2022-06-11,baloto,22,24,28,31,43,4
2197,2022-06-11,revancha,1,6,16,31,37,13
2198,2022-06-15,baloto,1,7,12,32,43,1
2198,2022-06-15,revancha,14,16,27,34,41,14
2199,2022-06-18,baloto,1,14,18,19,26,10
2199,2022-06-18,revancha,3,7,15,19,43,1
2200,2022-06-22,baloto,16,28,30,32,39,11
2200,2022-06-22,revancha,5,14,20,30,31,8
2201,2022-06-25,baloto,7,9,14,28,39,9
2201,2022-06-25,revancha,2,10,15,22,25,3
2202,2022-06-29,baloto,9,24,29,30,32,14
2202,2022-06-29,revancha,8,11,12,29,41,14
2203,2022-07-02,baloto,7,8,11,12,38,5
2203,2022-07-02,revancha,2,9,16,31,34,5
2204,2022-07-06,baloto,1,8,12,13,42,5
2204,2022-07-06,revancha,22,31,35,40,42,2
2205,2022-07-09,baloto,1,8,21,29,35,6
2205,2022-07-09,revancha,4,15,27,30,35,7
2206,2022-07-13,baloto,16,23,31,39,43,9
2206,2022-07-13,revancha,6,12,13,15,38,16
2207,2022-07-16,baloto,7,9,11,28,34,5
2207,2022-07-16,revancha,3,4,6,18,36,15
2208,2022-07-20,baloto,3,11,29,39,40,13
2208,2022-07-20,revancha,7,8,13,18,37,12
2209,2022-07-23,baloto,2,8,11,19,26,6
2209,2022-07-23,revancha,20,30,31,33,39,10
2210,2022-07-27,baloto,2,20,26,30,43,11
2210,2022-07-27,revancha,7,9,10,11,29,13
2211,2022-07-30,baloto,4,14,19,25,31,15
2211,2022-07-30,revancha,16,17,22,26,36,15
2212,2022-08-03,baloto,6,8,13,32,43,15
2212,2022-08-03,revancha,6,28,33,34,38,12
2213,2022-08-06,baloto,6,13,33,35,41,11
2213,2022-08-06,revancha,4,8,17,39,40,14
2214,2022-08-10,baloto,1,14,15,22,36,11
2214,2022-08-10,revancha,13,14,15,33,40,16
2215,2022-08-13,baloto,5,6,18,19,24,9
2215,2022-08-13,revancha,1,8,10,22,25,4
2216,2022-08-17,baloto,3,8,15,22,33,13
2216,2022-08-17,revancha,3,7,20,31,35,7
2217,2022-08-20,baloto,12,14,15,20,43,10
2217,2022-08-20,revancha,1,6,34,37,39,4
2218,2022-08-24,baloto,14,18,21,26,36,7
2218,2022-08-24,revancha,2,6,24,32,40,5
2219,2022-08-27,baloto,1,13,16,22,25,8
2219,2022-08-27,revancha,1,26,27,35,43,11
2220,2022-08-31,baloto,15,16,26,34,39,6
2220,2022-08-31,revancha,4,12,17,19,42,14
2221,2022-09-03,baloto,2,5,23,27,36,12
2221,2022-09-03,revancha,4,9,26,33,41,3
2222,2022-09-07,baloto,14,15,17,23,39,6
2222,2022-09-07,revancha,1,12,15,22,33,16
2223,2022-09-10,baloto,3,9,10,19,35,8
2223,2022-09-10,revancha,12,18,32,34,43,4
2224,2022-09-14,baloto,7,13,19,32,42,7
2224,2022-09-14,revancha,6,8,20,34,41,8
2225,2022-09-17,baloto,3,25,30,33,34,1
2225,2022-09-17,revancha,9,10,18,29,32,4
2226,2022-09-21,baloto,2,4,20,21,35,3
2226,2022-09-21,revancha,3,6,7,26,42,11
2227,2022-09-24,baloto,5,8,19,30,33,1
2227,2022-09-24,revancha,11,16,32,34,37,5
2228,2022-09-28,baloto,2,4,12,21,33,2
2228,2022-09-28,revancha,6,17,36,37,38,11
2229,2022-10-01,baloto,3,5,28,37,42,15
2229,2022-10-01,revancha,3,5,15,22,42,2
2230,2022-10-05,baloto,1,3,8,31,35,16
2230,2022-10-05,revancha,5,16,23,34,43,16
2231,2022-10-08,baloto,1,3,15,19,29,13
2231,2022-10-08,revancha,10,17,31,36,41,14
2232,2022-10-12,baloto,12,21,25,37,41,3
2232,2022-10-12,revancha,12,24,33,34,36,3
2233,2022-10-15,baloto,9,21,24,39,40,12
2233,2022-10-15,revancha,3,14,35,36,37,8
2234,2022-10-19,baloto,5,8,20,24,37,4
2234,2022-10-19,revancha,1,7,20,36,39,14
2235,2022-10-22,baloto,2,4,6,9,25,13
2235,2022-10-22,revancha,2,5,14,30,36,12
2236,2022-10-26,baloto,9,12,16,17,21,14
2236,2022-10-26,revancha,18,32,33,40,41,10
2237,2022-10-29,baloto,2,10,13,32,42,1
2237,2022-10-29,revancha,5,9,11,20,30,4
2238,2022-11-02,baloto,20,28,30,31,36,8
2238,2022-11-02,revancha,5,15,19,33,43,8
2239,2022-11-05,baloto,4,19,22,36,43,10
2239,2022-11-05,revancha,1,8,17,20,30,9
2240,2022-11-09,baloto,5,14,17,31,34,3
2240,2022-11-09,revancha,2,7,12,26,43,4
2241,2022-11-12,baloto,10,11,25,27,33,16
2241,2022-11-12,revancha,6,21,26,39,41,15
2242,2022-11-16,baloto,7,9,17,38,39,9
2242,2022-11-16,revancha,5,9,16,25,26,10
2243,2022-11-19,baloto,23,26,27,33,37,3
2243,2022-11-19,revancha,4,24,25,26,43,3
2244,2022-11-23,baloto,5,9,13,22,43,12
2244,2022-11-23,revancha,6,11,18,28,43,4
2245,2022-11-26,baloto,4,9,30,31,34,16
2245,2022-11-26,revancha,8,20,21,29,38,11
2246,2022-11-30,baloto,14,16,33,38,41,10
2246,2022-11-30,revancha,6,12,15,16,35,3
2247,2022-12-03,baloto,14,19,21,32,33,1
2247,2022-12-03,revancha,5,11,12,13,34,3
2248,2022-12-07,baloto,11,14,28,29,32,3
2248,2022-12-07,revancha,5,17,21,24,28,10
2249,2022-12-10,baloto,6,9,28,35,41,7
2249,2022-12-10,revancha,4,7,21,22,36,10
2250,2022-12-14,baloto,2,15,23,33,43,4
2250,2022-12-14,revancha,14,18,24,36,42,2
2251,2022-12-17,baloto,1,10,12,39,40,14
2251,2022-12-17,revancha,21,26,34,37,42,16
2252,2022-12-21,baloto,24,27,30,31,39,12
2252,2022-12-21,revancha,31,33,37,40,41,16
2253,2022-12-24,baloto,7,9,23,37,40,14
2253,2022-12-24,revancha,16,26,27,36,42,11
2254,2022-12-28,baloto,2,8,17,20,25,7
2254,2022-12-28,revancha,1,4,9,23,24,13
2255,2022-12-31,baloto,3,11,27,31,32,12
2255,2022-12-31,revancha,14,25,32,33,39,12
2256,2023-01-04,baloto,12,32,36,37,42,11
2256,2023-01-04,revancha,1,12,14,32,33,8
2257,2023-01-07,baloto,17,25,32,33,40,3
2257,2023-01-07,revancha,11,17,33,34,40,9
2258,2023-01-11,baloto,2,17,24,37,42,11
2258,2023-01-11,revancha,17,21,22,27,29,9
2259,2023-01-14,baloto,2,23,25,33,34,10
2259,2023-01-14,revancha,4,8,21,36,43,8
2260,2023-01-18,baloto,10,29,30,32,36,4
2260,2023-01-18,revancha,8,9,33,35,42,13
2261,2023-01-21,baloto,2,7,12,21,37,9
2261,2023-01-21,revancha,6,11,13,16,42,12
2262,2023-01-25,baloto,5,7,10,22,31,12
2262,2023-01-25,revancha,17,20,26,33,38,1
2263,2023-01-28,baloto,2,14,15,28,40,5
2263,2023-01-28,revancha,8,18,27,40,42,8
2264,2023-02-01,baloto,8,12,16,26,39,6
2264,2023-02-01,revancha,8,12,23,37,38,16
2265,2023-02-04,baloto,1,10,14,32,39,10
2265,2023-02-04,revancha,5,6,18,26,42,9
2266,2023-02-08,baloto,3,8,12,13,43,7
2266,2023-02-08,revancha,9,21,23,28,38,12
2267,2023-02-11,baloto,8,11,17,29,42,13
2267,2023-02-11,revancha,7,20,25,26,30,11
2268,2023-02-15,baloto,7,15,22,25,35,9
2268,2023-02-15,revancha,1,19,35,36,39,8
2269,2023-02-18,baloto,7,20,25,30,38,4
2269,2023-02-18,revancha,5,7,10,13,31,14
2270,2023-02-22,baloto,6,8,13,14,22,12
2270,2023-02-22,revancha,10,16,26,32,35,14
2271,2023-02-25,baloto,12,14,20,32,35,9
2271,2023-02-25,revancha,20,26,29,37,38,12
2272,2023-03-01,baloto,16,23,36,39,42,11
2272,2023-03-01,revancha,1,12,38,39,41,16
2273,2023-03-04,baloto,4,5,12,24,33,12
2273,2023-03-04,revancha,1,5,11,28,31,15
2274,2023-03-08,baloto,24,26,35,36,41,7
2274,2023-03-08,revancha,23,30,36,37,40,11
2275,2023-03-11,baloto,9,13,15,27,31,15
2275,2023-03-11,revancha,3,7,24,33,40,14
2276,2023-03-15,baloto,2,4,18,23,39,5
2276,2023-03-15,revancha,3,7,16,33,34,3
2277,2023-03-18,baloto,2,15,16,30,37,3
2277,2023-03-18,revancha,1,5,9,19,31,13
2278,2023-03-22,baloto,1,16,21,34,35,14
2278,2023-03-22,revancha,2,20,23,27,37,8
2279,2023-03-25,baloto,4,17,24,27,40,4
2279,2023-03-25,revancha,7,8,16,19,30,5
2280,2023-03-29,baloto,21,22,23,31,39,6
2280,2023-03-29,revancha,14,16,24,29,30,3
2281,2023-04-01,baloto,1,4,11,22,25,6
2281,2023-04-01,revancha,20,24,27,33,40,12
2282,2023-04-05,baloto,4,5,7,36,37,1
2282,2023-04-05,revancha,4,5,18,22,29,2
2283,2023-04-08,baloto,3,5,12,19,20,5
2283,2023-04-08,revancha,10,27,32,40,42,14
2284,2023-04-12,baloto,11,20,24,29,35,2
2284,2023-04-12,revancha,4,17,19,23,32,9
2285,2023-04-15,baloto,19,21,28,29,30,12
2285,2023-04-15,revancha,5,26,33,37,43,4
2286,2023-04-19,baloto,15,18,19,32,36,8
2286,2023-04-19,revancha,3,13,21,37,43,13
2287,2023-04-22,baloto,17,18,32,37,43,6
2287,2023-04-22,revancha,3,12,15,28,40,1
2288,2023-04-26,baloto,4,10,13,27,43,2
2288,2023-04-26,revancha,2,16,25,35,39,11
2289,2023-04-29,baloto,7,20,26,33,39,7
2289,2023-04-29,revancha,3,14,19,34,39,12
2290,2023-05-03,baloto,9,13,22,39,41,16
2290,2023-05-03,revancha,1,3,24,30,38,10
2291,2023-05-06,baloto,8,26,27,28,42,7
2291,2023-05-06,revancha,4,10,17,23,32,2
2292,2023-05-10,baloto,13,14,15,25,32,14
2292,2023-05-10,revancha,5,18,31,33,35,10
2293,2023-05-13,baloto,6,14,33,35,39,14
2293,2023-05-13,revancha,18,30,33,34,37,8
2294,2023-05-17,baloto,3,5,15,25,29,11
2294,2023-05-17,revancha,1,3,11,26,36,2
2295,2023-05-20,baloto,3,4,23,35,42,7
2295,2023-05-20,revancha,3,7,20,25,33,1
2296,2023-05-24,baloto,1,6,27,29,39,8
2296,2023-05-24,revancha,5,13,16,32,35,4
2297,2023-05-27,baloto,6,10,21,24,33,2
2297,2023-05-27,revancha,5,8,9,24,41,7
2298,2023-05-31,baloto,2,5,23,40,43,7
2298,2023-05-31,revancha,3,6,13,16,25,4
2299,2023-06-03,baloto,9,27,30,39,41,10
2299,2023-06-03,revancha,4,8,12,20,30,16
2300,2023-06-07,baloto,1,9,16,19,31,16
2300,2023-06-07,revancha,11,29,36,39,43,13
2301,2023-06-10,baloto,9,13,21,38,43,11
2301,2023-06-10,revancha,12,26,36,40,42,12
2302,2023-06-14,baloto,3,11,14,39,40,1
2302,2023-06-14,revancha,26,28,31,34,41,14
2303,2023-06-17,baloto,9,11,13,35,43,7
2303,2023-06-17,revancha,2,3,13,20,30,3
2304,2023-06-21,baloto,9,25,27,31,42,4
2304,2023-06-21,revancha,5,7,12,29,37,9
2305,2023-06-24,baloto,8,15,23,24,42,14
2305,2023-06-24,revancha,4,19,23,30,42,1
2306,2023-06-28,baloto,12,16,32,38,43,11
2306,2023-06-28,revancha,5,10,25,27,43,12
2307,2023-07-01,baloto,14,26,27,35,37,3
2307,2023-07-01,revancha,4,12,19,34,38,13
2308,2023-07-05,baloto,4,16,17,23,29,3
2308,2023-07-05,revancha,15,18,21,31,41,12
2309,2023-07-08,baloto,13,15,30,38,41,3
2309,2023-07-08,revancha,16,17,28,30,38,6
2310,2023-07-12,baloto,10,27,31,35,43,13
2310,2023-07-12,revancha,27,36,39,42,43,11
2311,2023-07-15,baloto,2,15,27,33,35,16
2311,2023-07-15,revancha,15,16,25,36,41,2
2312,2023-07-19,baloto,2,13,18,19,32,13
2312,2023-07-19,revancha,3,21,23,32,33,9
2313,2023-07-22,baloto,14,15,21,40,42,11
2313,2023-07-22,revancha,2,4,24,31,40,15
2314,2023-07-26,baloto,5,6,17,27,41,13
2314,2023-07-26,revancha,6,20,27,29,43,9
2315,2023-07-29,baloto,5,9,11,14,24,4
2315,2023-07-29,revancha,14,20,25,29,30,9
2316,2023-08-02,baloto,5,19,24,25,37,13
2316,2023-08-02,revancha,19,24,26,36,37,5
2317,2023-08-05,baloto,4,7,19,23,32,2
2317,2023-08-05,revancha,6,18,27,40,42,7
2318,2023-08-09,baloto,3,12,22,24,25,6
2318,2023-08-09,revancha,2,16,20,31,33,4
2319,2023-08-12,baloto,19,20,29,31,40,11
2319,2023-08-12,revancha,13,18,26,37,39,1
2320,2023-08-16,baloto,3,10,20,31,41,6
2320,2023-08-16,revancha,13,17,27,28,42,3
2321,2023-08-19,baloto,5,10,11,25,33,4
2321,2023-08-19,revancha,2,3,4,5,20,3
2322,2023-08-23,baloto,4,15,23,24,33,12
2322,2023-08-23,revancha,8,10,16,19,37,12
2323,2023-08-26,baloto,5,14,22,37,43,13
2323,2023-08-26,revancha,1,10,14,17,34,7
2324,2023-08-30,baloto,4,8,16,27,31,7
2324,2023-08-30,revancha,6,15,16,18,37,9
2325,2023-09-02,baloto,1,3,20,29,39,1
2325,2023-09-02,revancha,14,16,21,27,29,5
2326,2023-09-06,baloto,9,33,34,41,43,7
2326,2023-09-06,revancha,17,27,38,41,43,5
2327,2023-09-09,baloto,15,18,22,34,42,3
2327,2023-09-09,revancha,16,31,33,36,38,5
2328,2023-09-13,baloto,7,11,28,38,39,2
2328,2023-09-13,revancha,3,21,34,36,39,15
2329,2023-09-16,baloto,6,29,32,39,43,16
2329,2023-09-16,revancha,8,33,39,41,42,1
2330,2023-09-20,baloto,2,3,10,21,23,14
2330,2023-09-20,revancha,8,9,30,37,40,10
2331,2023-09-23,baloto,13,20,24,30,42,12
2331,2023-09-23,revancha,3,13,20,30,35,14
2332,2023-09-27,baloto,2,20,25,36,41,11
2332,2023-09-27,revancha,13,14,23,25,40,11
2333,2023-09-30,baloto,10,15,19,21,41,10
2333,2023-09-30,revancha,4,8,10,15,18,8
2334,2023-10-04,baloto,6,22,29,30,31,10
2334,2023-10-04,revancha,2,3,21,27,40,9
2335,2023-10-07,baloto,6,23,25,37,40,15
2335,2023-10-07,revancha,10,14,26,32,39,11
2336,2023-10-11,baloto,3,5,12,23,36,1
2336,2023-10-11,revancha,2,7,13,25,29,10
2337,2023-10-14,baloto,4,15,26,27,29,9
2337,2023-10-14,revancha,3,6,28,35,36,5
2338,2023-10-18,baloto,20,21,26,29,40,9
2338,2023-10-18,revancha,2,5,14,30,31,14
2339,2023-10-21,baloto,12,18,25,34,43,13
2339,2023-10-21,revancha,6,10,18,35,37,13
2340,2023-10-25,baloto,15,22,25,28,33,7
2340,2023-10-25,revancha,7,10,12,27,37,15
2341,2023-10-28,baloto,5,20,33,36,43,10
2341,2023-10-28,revancha,5,8,17,27,31,16
2342,2023-11-01,baloto,5,9,19,30,37,6
2342,2023-11-01,revancha,11,14,32,34,36,8
2343,2023-11-04,baloto,1,2,12,30,36,1
2343,2023-11-04,revancha,1,4,16,26,27,14
2344,2023-11-08,baloto,3,11,18,27,33,9
2344,2023-11-08,revancha,17,18,28,34,42,12
2345,2023-11-11,baloto,8,11,13,25,32,6
2345,2023-11-11,revancha,5,8,15,35,39,12
2346,2023-11-15,baloto,5,16,26,28,38,8
2346,2023-11-15,revancha,12,16,17,28,36,13
2347,2023-11-18,baloto,3,19,26,27,29,6
2347,2023-11-18,revancha,9,14,22,38,43,14
2348,2023-11-22,baloto,15,18,19,30,42,2
2348,2023-11-22,revancha,17,30,32,35,37,9
2349,2023-11-25,baloto,9,11,19,28,41,9
2349,2023-11-25,revancha,14,18,26,37,42,7
2350,2023-11-29,baloto,7,11,25,32,35,1
2350,2023-11-29,revancha,1,10,11,23,36,4
2351,2023-12-02,baloto,11,14,16,18,19,15
2351,2023-12-02,revancha,2,27,30,34,37,14
2352,2023-12-06,baloto,16,25,26,35,39,14
2352,2023-12-06,revancha,5,15,20,29,41,6
2353,2023-12-09,baloto,7,10,12,35,41,4
2353,2023-12-09,revancha,2,18,26,33,36,1
2354,2023-12-13,baloto,14,25,27,30,42,8
2354,2023-12-13,revancha,12,18,37,40,42,1
2355,2023-12-16,baloto,4,5,17,18,38,3
2355,2023-12-16,revancha,16,19,24,27,38,8
2356,2023-12-20,baloto,1,6,7,17,21,13
2356,2023-12-20,revancha,22,30,32,39,42,7
2357,2023-12-23,baloto,7,11,25,28,30,9
2357,2023-12-23,revancha,5,11,12,33,41,4
2358,2023-12-27,baloto,3,9,22,26,27,1
2358,2023-12-27,revancha,15,23,26,35,42,3
2359,2023-12-30,baloto,8,13,21,32,33,8
2359,2023-12-30,revancha,24,28,32,35,39,16
2360,2024-01-03,baloto,6,20,31,36,41,5
2360,2024-01-03,revancha,1,3,5,14,28,8
2361,2024-01-06,baloto,22,27,37,40,42,14
2361,2024-01-06,revancha,2,10,12,17,25,12
2362,2024-01-10,baloto,2,11,16,28,43,3
2362,2024-01-10,revancha,6,8,9,13,43,11
2363,2024-01-13,baloto,1,3,23,27,39,7
2363,2024-01-13,revancha,17,21,26,29,37,4
2364,2024-01-17,baloto,4,25,26,27,30,4
2364,2024-01-17,revancha,11,29,30,36,41,2
2365,2024-01-20,baloto,19,23,32,36,39,11
2365,2024-01-20,revancha,8,16,20,27,37,4
2366,2024-01-24,baloto,2,20,21,27,38,11
2366,2024-01-24,revancha,7,10,11,13,25,1
2367,2024-01-27,baloto,14,24,33,35,36,7
2367,2024-01-27,revancha,15,24,28,29,33,13
2368,2024-01-31,baloto,2,14,20,26,28,12
2368,2024-01-31,revancha,4,8,24,34,40,5
2369,2024-02-03,baloto,18,20,39,40,43,14
2369,2024-02-03,revancha,5,10,16,29,36,13
2370,2024-02-07,baloto,2,11,26,28,41,5
2370,2024-02-07,revancha,2,4,22,29,35,16
2371,2024-02-10,baloto,6,14,31,34,42,7
2371,2024-02-10,revancha,9,14,22,24,29,1
2372,2024-02-14,baloto,1,8,21,27,35,3
2372,2024-02-14,revancha,3,16,19,37,40,7
2373,2024-02-17,baloto,18,21,34,38,43,14
2373,2024-02-17,revancha,2,4,14,21,28,7
2374,2024-02-21,baloto,1,7,11,18,34,11
2374,2024-02-21,revancha,16,22,29,30,37,2
2375,2024-02-24,baloto,12,22,29,41,42,15
2375,2024-02-24,revancha,2,5,27,28,30,4
2376,2024-02-28,baloto,4,14,23,34,42,7
2376,2024-02-28,revancha,4,26,28,29,37,1
2377,2024-03-02,baloto,6,17,26,38,40,3
2377,2024-03-02,revancha,2,9,18,26,43,13
2378,2024-03-06,baloto,19,25,26,39,41,15
2378,2024-03-06,revancha,1,5,9,13,43,16
2379,2024-03-09,baloto,10,14,23,25,42,4
2379,2024-03-09,revancha,1,14,18,21,42,12
2380,2024-03-13,baloto,6,20,24,27,42,16
2380,2024-03-13,revancha,9,19,21,24,33,15
2381,2024-03-16,baloto,1,12,25,27,32,8
2381,2024-03-16,revancha,19,21,28,29,39,9
2382,2024-03-20,baloto,17,22,24,35,40,8
2382,2024-03-20,revancha,14,16,24,27,32,16
2383,2024-03-23,baloto,9,23,29,32,34,7
2383,2024-03-23,revancha,10,14,21,32,41,8
2384,2024-03-27,baloto,2,3,8,11,32,16
2384,2024-03-27,revancha,1,8,19,34,39,3
2385,2024-03-30,baloto,7,21,30,35,36,11
2385,2024-03-30,revancha,15,18,23,30,34,1
2386,2024-04-03,baloto,14,20,29,37,41,14
2386,2024-04-03,revancha,9,11,21,24,41,6
2387,2024-04-06,baloto,2,24,25,26,30,9
2387,2024-04-06,revancha,13,17,24,41,43,10
2388,2024-04-10,baloto,3,5,11,12,40,2
2388,2024-04-10,revancha,6,30,34,36,39,14
2389,2024-04-13,baloto,2,16,31,37,43,5
2389,2024-04-13,revancha,4,10,11,30,37,13
2390,2024-04-17,baloto,25,26,31,37,38,4
2390,2024-04-17,revancha,20,30,31,40,43,9
2391,2024-04-20,baloto,2,12,31,32,35,3
2391,2024-04-20,revancha,7,9,12,37,41,7
2392,2024-04-24,baloto,19,20,26,29,43,9
2392,2024-04-24,revancha,7,9,32,34,41,10
2393,2024-04-27,baloto,11,13,21,23,24,6
2393,2024-04-27,revancha,1,2,15,21,23,13
2394,2024-05-01,baloto,20,23,25,31,36,12
2394,2024-05-01,revancha,2,4,21,24,29,2
2395,2024-05-04,baloto,8,10,28,30,38,10
2395,2024-05-04,revancha,24,29,34,35,36,14
2396,2024-05-08,baloto,13,16,23,26,30,16
2396,2024-05-08,revancha,13,24,25,33,36,15
2397,2024-05-11,baloto,4,11,16,21,39,8
2397,2024-05-11,revancha,12,23,35,38,42,1
2398,2024-05-15,baloto,2,4,10,27,41,2
2398,2024-05-15,revancha,3,4,6,15,23,10
2399,2024-05-18,baloto,12,19,28,35,42,4
2399,2024-05-18,revancha,1,10,16,27,35,13
2400,2024-05-22,baloto,5,11,14,21,33,6
2400,2024-05-22,revancha,5,11,16,17,37,13
2401,2024-05-25,baloto,12,18,39,40,41,3
2401,2024-05-25,revancha,7,12,27,28,37,16
2402,2024-05-29,baloto,7,8,14,15,19,6
2402,2024-05-29,revancha,18,19,23,25,38,14
2403,2024-06-01,baloto,16,22,26,27,37,9
2403,2024-06-01,revancha,10,26,28,29,40,15
2404,2024-06-05,baloto,3,19,24,38,39,5
2404,2024-06-05,revancha,8,18,20,28,41,4
2405,2024-06-08,baloto,5,16,17,29,38,7
2405,2024-06-08,revancha,7,25,28,39,41,7
2406,2024-06-12,baloto,4,9,15,20,34,1
2406,2024-06-12,revancha,4,9,13,14,20,12
2407,2024-06-15,baloto,6,10,18,40,43,16
2407,2024-06-15,revancha,2,13,14,30,43,3
2408,2024-06-19,baloto,12,17,22,23,39,13
2408,2024-06-19,revancha,2,11,13,24,37,11
2409,2024-06-22,baloto,4,7,21,25,33,16
2409,2024-06-22,revancha,4,15,16,20,34,4
2410,2024-06-26,baloto,6,13,20,36,43,9
2410,2024-06-26,revancha,7,11,32,40,41,9
2411,2024-06-29,baloto,4,5,16,21,32,14
2411,2024-06-29,revancha,8,19,25,28,41,2
2412,2024-07-03,baloto,9,19,27,32,43,2
2412,2024-07-03,revancha,5,7,19,22,25,5
2413,2024-07-06,baloto,14,18,26,32,42,1
2413,2024-07-06,revancha,8,10,16,30,35,11
2414,2024-07-10,baloto,3,11,21,22,36,11
2414,2024-07-10,revancha,12,15,21,26,39,9
2415,2024-07-13,baloto,6,7,18,25,41,16
2415,2024-07-13,revancha,7,15,21,29,36,8
2416,2024-07-17,baloto,16,33,36,39,43,6
2416,2024-07-17,revancha,23,24,27,29,40,9
2417,2024-07-20,baloto,2,3,10,29,43,16
2417,2024-07-20,revancha,6,11,26,27,40,7
2418,2024-07-24,baloto,6,29,31,36,41,6
2418,2024-07-24,revancha,9,12,21,30,41,2
2419,2024-07-27,baloto,19,25,32,38,41,13
2419,2024-07-27,revancha,8,12,22,25,39,11
2420,2024-07-31,baloto,2,24,32,38,42,10
2420,2024-07-31,revancha,1,4,9,33,37,15
2421,2024-08-03,baloto,5,21,24,34,43,3
2421,2024-08-03,revancha,8,14,23,28,32,13
2422,2024-08-07,baloto,1,21,36,41,42,16
2422,2024-08-07,revancha,4,17,24,29,43,5
2423,2024-08-10,baloto,1,12,18,26,39,11
2423,2024-08-10,revancha,2,4,32,39,42,3
2424,2024-08-14,baloto,3,9,13,21,27,7
2424,2024-08-14,revancha,3,22,25,33,38,12
2425,2024-08-17,baloto,4,10,15,33,37,1
2425,2024-08-17,revancha,1,22,27,31,40,11
2426,2024-08-21,baloto,20,21,23,32,42,14
2426,2024-08-21,revancha,4,13,37,39,41,15
2427,2024-08-24,baloto,1,3,21,30,39,15
2427,2024-08-24,revancha,1,13,14,15,33,1
2428,2024-08-28,baloto,6,7,11,27,42,15
2428,2024-08-28,revancha,2,4,21,32,33,13
2429,2024-08-31,baloto,1,8,9,22,34,2
2429,2024-08-31,revancha,2,4,20,22,32,11
2430,2024-09-04,baloto,12,17,22,36,43,11
2430,2024-09-04,revancha,23,25,34,42,43,4
2431,2024-09-07,baloto,6,19,23,27,35,10
2431,2024-09-07,revancha,3,5,6,36,42,1
2432,2024-09-11,baloto,6,12,24,25,28,15
2432,2024-09-11,revancha,4,12,28,32,40,10
2433,2024-09-14,baloto,31,32,39,41,43,11
2433,2024-09-14,revancha,11,13,16,28,42,4
2434,2024-09-18,baloto,14,18,22,33,41,13
2434,2024-09-18,revancha,8,9,10,16,23,3
2435,2024-09-21,baloto,2,16,18,35,42,6
2435,2024-09-21,revancha,4,27,29,37,43,4
2436,2024-09-25,baloto,1,8,11,33,35,6
2436,2024-09-25,revancha,6,15,29,32,42,12
2437,2024-09-28,baloto,2,12,15,35,37,9
2437,2024-09-28,revancha,7,14,19,20,27,16
2438,2024-10-02,baloto,5,16,17,27,36,4
2438,2024-10-02,revancha,12,20,24,34,39,7
2439,2024-10-05,baloto,5,12,17,37,42,12
2439,2024-10-05,revancha,12,13,27,32,34,6
2440,2024-10-09,baloto,9,21,36,37,41,9
2440,2024-10-09,revancha,5,7,10,25,43,16
2441,2024-10-12,baloto,1,9,21,39,41,15
2441,2024-10-12,revancha,4,5,9,18,34,16
2442,2024-10-16,baloto,10,14,19,24,39,5
2442,2024-10-16,revancha,1,16,23,33,42,5
2443,2024-10-19,baloto,18,19,26,29,40,1
2443,2024-10-19,revancha,31,32,33,39,43,14
2444,2024-10-23,baloto,1,4,13,34,43,16
2444,2024-10-23,revancha,8,14,16,26,32,9
2445,2024-10-26,baloto,1,4,11,21,43,4
2445,2024-10-26,revancha,18,20,21,26,32,3
2446,2024-10-30,baloto,6,14,15,29,42,14
2446,2024-10-30,revancha,6,25,33,42,43,10
2447,2024-11-02,baloto,1,9,19,29,39,6
2447,2024-11-02,revancha,10,24,36,40,42,11
2448,2024-11-06,baloto,3,4,20,30,37,12
2448,2024-11-06,revancha,6,15,24,28,31,10
2449,2024-11-09,baloto,13,28,29,31,41,4
2449,2024-11-09,revancha,7,20,24,33,40,6
2450,2024-11-13,baloto,2,3,9,10,15,16
2450,2024-11-13,revancha,1,5,25,29,31,12
2451,2024-11-16,baloto,8,15,21,35,41,2
2451,2024-11-16,revancha,1,23,32,36,40,13
2452,2024-11-20,baloto,9,17,22,36,38,16
2452,2024-11-20,revancha,11,12,19,21,32,3
2453,2024-11-23,baloto,5,13,24,25,36,9
2453,2024-11-23,revancha,7,13,15,33,34,8
2454,2024-11-27,baloto,5,7,15,20,24,16
2454,2024-11-27,revancha,10,21,22,36,40,14
2455,2024-11-30,baloto,10,12,22,23,34,13
2455,2024-11-30,revancha,3,12,14,19,28,9
2456,2024-12-04,baloto,11,14,31,39,41,5
2456,2024-12-04,revancha,7,10,16,31,36,10
2457,2024-12-07,baloto,9,11,34,36,37,15
2457,2024-12-07,revancha,5,10,15,21,22,12
2458,2024-12-11,baloto,5,12,13,17,43,16
2458,2024-12-11,revancha,10,12,18,22,40,4
2459,2024-12-14,baloto,15,22,26,32,39,12
2459,2024-12-14,revancha,19,25,32,34,41,9
2460,2024-12-18,baloto,4,12,28,36,43,13
2460,2024-12-18,revancha,9,10,15,26,28,2
2461,2024-12-21,baloto,10,12,16,21,41,13
2461,2024-12-21,revancha,11,13,27,28,43,15
2462,2024-12-25,baloto,5,8,22,26,38,8
2462,2024-12-25,revancha,4,19,28,32,39,13
2463,2024-12-28,baloto,1,4,12,14,34,6
2463,2024-12-28,revancha,2,4,22,24,32,10
2464,2025-01-01,baloto,17,28,33,39,43,6
2464,2025-01-01,revancha,11,16,18,37,40,16
2465,2025-01-04,baloto,10,13,18,24,26,9
2465,2025-01-04,revancha,16,34,36,37,40,12
2466,2025-01-08,baloto,18,24,27,37,43,11
2466,2025-01-08,revancha,1,5,28,36,38,5
2467,2025-01-11,baloto,2,28,31,32,34,6
2467,2025-01-11,revancha,9,15,23,28,39,7
2468,2025-01-15,baloto,7,16,32,33,43,1
2468,2025-01-15,revancha,13,22,25,32,35,10
2469,2025-01-18,baloto,14,19,30,38,41,10
2469,2025-01-18,revancha,1,6,7,20,41,2
2470,2025-01-22,baloto,12,15,28,34,37,1
2470,2025-01-22,revancha,4,15,23,27,34,13
2471,2025-01-25,baloto,1,16,19,25,31,6
2471,2025-01-25,revancha,10,26,37,40,42,5
2472,2025-01-29,baloto,12,20,26,34,38,1
2472,2025-01-29,revancha,7,12,33,36,39,10
2473,2025-02-01,baloto,2,4,5,28,33,12
2473,2025-02-01,revancha,5,6,19,32,37,16
2474,2025-02-05,baloto,5,11,14,37,38,14
2474,2025-02-05,revancha,4,7,16,18,43,2
2475,2025-02-08,baloto,2,9,10,39,43,14
2475,2025-02-08,revancha,4,10,12,27,40,9
2476,2025-02-12,baloto,1,16,30,39,41,15
2476,2025-02-12,revancha,4,5,7,25,32,4
2477,2025-02-15,baloto,8,15,17,24,42,11
2477,2025-02-15,revancha,1,13,27,35,41,10
2478,2025-02-19,baloto,14,21,28,30,38,14
2478,2025-02-19,revancha,6,8,32,35,39,3
2479,2025-02-22,baloto,3,13,19,34,43,12
2479,2025-02-22,revancha,7,12,19,33,38,8
2480,2025-02-26,baloto,7,28,29,33,43,2
2480,2025-02-26,revancha,2,8,19,21,43,9
2481,2025-03-01,baloto,3,4,17,21,25,4
2481,2025-03-01,revancha,7,21,26,32,40,12
2482,2025-03-05,baloto,11,17,18,26,42,13
2482,2025-03-05,revancha,8,14,19,37,43,6
2483,2025-03-08,baloto,1,17,33,42,43,12
2483,2025-03-08,revancha,3,5,6,33,42,4
2484,2025-03-12,baloto,9,16,32,33,40,12
2484,2025-03-12,revancha,17,20,26,27,42,1
2485,2025-03-15,baloto,17,21,25,26,39,15
2485,2025-03-15,revancha,5,10,13,31,37,16
2486,2025-03-19,baloto,1,18,27,40,43,1
2486,2025-03-19,revancha,9,15,18,28,42,11
2487,2025-03-22,baloto,8,12,22,26,28,1
2487,2025-03-22,revancha,6,10,17,21,40,16
2488,2025-03-26,baloto,3,9,21,27,39,3
2488,2025-03-26,revancha,7,13,35,37,43,2
2489,2025-03-29,baloto,3,9,27,36,37,1
2489,2025-03-29,revancha,17,25,27,28,39,3
2490,2025-04-02,baloto,18,25,40,41,43,13
2490,2025-04-02,revancha,9,13,20,23,24,10
2491,2025-04-05,baloto,1,7,22,40,41,3
2491,2025-04-05,revancha,4,9,17,18,37,5
2492,2025-04-09,baloto,7,8,9,19,26,4
2492,2025-04-09,revancha,12,25,28,37,42,9
2493,2025-04-12,baloto,3,4,13,38,39,1
2493,2025-04-12,revancha,21,25,38,39,42,15
2494,2025-04-16,baloto,5,11,18,31,32,9
2494,2025-04-16,revancha,18,32,34,36,38,13
2495,2025-04-19,baloto,11,26,31,35,43,6
2495,2025-04-19,revancha,24,34,35,36,40,5
2496,2025-04-23,baloto,4,5,19,28,43,5
2496,2025-04-23,revancha,2,9,22,23,25,5
2497,2025-04-26,baloto,1,15,20,23,31,10
2497,2025-04-26,revancha,1,16,18,20,25,15
2498,2025-04-30,baloto,5,12,17,19,22,16
2498,2025-04-30,revancha,6,23,32,34,40,14
2499,2025-05-03,baloto,10,12,24,32,37,12
2499,2025-05-03,revancha,3,21,31,33,40,14
2500,2025-05-07,baloto,5,9,17,25,32,2
2500,2025-05-07,revancha,8,14,30,36,42,1
2501,2025-05-10,baloto,2,5,18,21,28,2
2501,2025-05-10,revancha,5,11,23,25,34,3
2502,2025-05-14,baloto,3,31,40,41,42,14
2502,2025-05-14,revancha,18,20,21,26,36,7
2503,2025-05-17,baloto,6,14,34,36,41,12
2503,2025-05-17,revancha,2,10,14,23,36,15
2504,2025-05-21,baloto,2,3,4,10,34,7
2504,2025-05-21,revancha,3,11,20,35,40,16
2505,2025-05-24,baloto,1,10,13,38,40,13
2505,2025-05-24,revancha,7,15,33,35,36,10
2506,2025-05-28,baloto,1,9,10,33,37,15
2506,2025-05-28,revancha,1,11,22,28,40,1
2507,2025-05-31,baloto,2,8,16,28,31,15
2507,2025-05-31,revancha,2,13,34,36,41,7
2508,2025-06-02,baloto,2,18,27,31,35,12
2508,2025-06-02,revancha,15,23,26,31,39,9
2509,2025-06-04,baloto,26,29,33,35,41,5
2509,2025-06-04,revancha,2,10,27,31,33,10
2510,2025-06-07,baloto,6,9,21,36,42,9
2510,2025-06-07,revancha,3,26,27,29,30,15
2511,2025-06-09,baloto,2,13,17,21,34,9
2511,2025-06-09,revancha,10,28,31,32,42,10
2512,2025-06-11,baloto,1,2,5,21,33,7
2512,2025-06-11,revancha,11,21,23,30,34,5
2513,2025-06-14,baloto,5,7,14,15,19,6
2513,2025-06-14,revancha,8,9,21,27,33,2
2514,2025-06-16,baloto,2,4,5,16,32,9
2514,2025-06-16,revancha,4,8,10,30,40,10
2515,2025-06-18,baloto,4,10,15,23,42,9
2515,2025-06-18,revancha,2,6,7,13,18,14
2516,2025-06-21,baloto,9,17,24,29,43,8
2516,2025-06-21,revancha,5,24,26,30,43,4
2517,2025-06-23,baloto,3,24,28,34,37,15
2517,2025-06-23,revancha,9,17,25,42,43,3
2518,2025-06-25,baloto,5,8,20,29,35,11
2518,2025-06-25,revancha,4,11,12,14,21,12
2519,2025-06-28,baloto,5,15,18,31,35,8
2519,2025-06-28,revancha,10,13,18,34,40,12
2520,2025-06-30,baloto,2,3,9,36,41,15
2520,2025-06-30,revancha,3,4,8,11,17,14
2521,2025-07-02,baloto,6,16,21,23,42,13
2521,2025-07-02,revancha,5,10,12,24,29,13
2522,2025-07-05,baloto,4,17,19,26,36,10
2522,2025-07-05,revancha,17,26,29,32,34,2
2523,2025-07-07,baloto,2,12,24,41,42,5
2523,2025-07-07,revancha,9,16,28,36,43,12
2524,2025-07-09,baloto,9,21,25,29,41,10
2524,2025-07-09,revancha,3,5,9,35,39,11
2525,2025-07-12,baloto,7,10,17,30,43,15
2525,2025-07-12,revancha,1,11,24,25,35,8
2526,2025-07-14,baloto,8,14,28,35,36,5
2526,2025-07-14,revancha,7,8,12,33,39,13
2527,2025-07-16,baloto,5,10,13,20,31,13
2527,2025-07-16,revancha,4,15,21,30,35,5
2528,2025-07-19,baloto,14,17,22,24,27,9
2528,2025-07-19,revancha,4,7,23,37,43,15
2529,2025-07-21,baloto,21,26,27,34,41,16
2529,2025-07-21,revancha,4,13,18,33,36,11
2530,2025-07-23,baloto,1,16,19,25,26,16
2530,2025-07-23,revancha,7,8,11,27,38,3
2531,2025-07-26,baloto,19,25,29,34,43,10
2531,2025-07-26,revancha,1,17,21,28,35,12
2532,2025-07-28,baloto,10,30,33,34,41,7
2532,2025-07-28,revancha,8,16,22,34,41,10
2533,2025-07-30,baloto,29,30,34,36,41,15
2533,2025-07-30,revancha,19,22,24,31,39,3
2534,2025-08-02,baloto,13,22,32,35,42,11
2534,2025-08-02,revancha,1,3,4,34,37,15
2535,2025-08-04,baloto,4,7,31,33,36,7
2535,2025-08-04,revancha,25,30,33,34,35,12
2536,2025-08-06,baloto,8,18,21,34,40,13
2536,2025-08-06,revancha,12,20,29,30,38,4
2537,2025-08-09,baloto,2,8,27,29,37,16
2537,2025-08-09,revancha,2,9,12,22,42,3
2538,2025-08-11,baloto,2,19,20,32,33,3
2538,2025-08-11,revancha,13,16,36,37,38,12
2539,2025-08-13,baloto,7,12,22,33,38,5
2539,2025-08-13,revancha,1,3,9,24,34,9
2540,2025-08-16,baloto,12,13,33,37,38,15
2540,2025-08-16,revancha,2,4,8,12,32,8
2541,2025-08-18,baloto,2,3,14,15,23,5
2541,2025-08-18,revancha,1,12,14,28,33,1
2542,2025-08-20,baloto,25,28,32,33,41,16
2542,2025-08-20,revancha,13,20,26,28,37,9
2543,2025-08-23,baloto,2,9,17,36,39,11
2543,2025-08-23,revancha,7,19,29,37,39,11
2544,2025-08-25,baloto,6,21,22,26,30,8
2544,2025-08-25,revancha,8,12,14,32,35,9
2545,2025-08-27,baloto,6,8,20,23,24,9
2545,2025-08-27,revancha,1,6,14,33,43,6
2546,2025-08-30,baloto,3,4,12,23,42,13
2546,2025-08-30,revancha,12,18,22,26,33,6
2547,2025-09-01,baloto,1,13,25,33,34,12
2547,2025-09-01,revancha,9,30,32,39,43,13
2548,2025-09-03,baloto,16,20,26,29,31,12
2548,2025-09-03,revancha,5,19,21,42,43,14
2549,2025-09-06,baloto,4,8,16,28,40,10
2549,2025-09-06,revancha,2,15,22,29,42,8
2550,2025-09-08,baloto,10,13,20,31,42,12
2550,2025-09-08,revancha,4,18,27,34,39,9
2551,2025-09-10,baloto,6,28,40,42,43,12
2551,2025-09-10,revancha,5,8,16,27,35,5
2552,2025-09-13,baloto,1,6,12,25,40,9
2552,2025-09-13,revancha,6,13,14,28,34,13
2553,2025-09-15,baloto,6,10,11,12,19,7
2553,2025-09-15,revancha,3,5,13,21,31,16
2554,2025-09-17,baloto,7,9,10,37,39,4
2554,2025-09-17,revancha,5,7,11,15,23,3
2555,2025-09-20,baloto,8,11,16,30,40,6
2555,2025-09-20,revancha,12,24,29,39,42,8
2556,2025-09-22,baloto,6,18,22,23,35,15
2556,2025-09-22,revancha,5,6,12,14,35,12
2557,2025-09-24,baloto,2,7,10,29,34,4
2557,2025-09-24,revancha,2,3,9,21,35,12
2558,2025-09-27,baloto,6,13,19,32,38,4
2558,2025-09-27,revancha,14,17,19,28,33,2
2559,2025-09-29,baloto,3,11,24,34,35,10
2559,2025-09-29,revancha,1,13,25,30,31,6
2560,2025-10-01,baloto,2,26,32,35,39,11
2560,2025-10-01,revancha,11,15,20,25,41,7
2561,2025-10-04,baloto,2,13,25,35,42,10
2561,2025-10-04,revancha,20,23,30,39,43,3
2562,2025-10-06,baloto,2,7,14,27,29,10
2562,2025-10-06,revancha,5,18,23,34,40,14
2563,2025-10-08,baloto,3,10,30,32,38,8
2563,2025-10-08,revancha,5,6,25,26,32,14
2564,2025-10-11,baloto,10,13,14,28,38,12
2564,2025-10-11,revancha,1,6,15,25,38,14
2565,2025-10-13,baloto,11,17,18,20,34,7
2565,2025-10-13,revancha,9,21,27,29,41,13
2566,2025-10-15,baloto,2,21,25,37,43,9
2566,2025-10-15,revancha,4,18,37,38,40,15
2567,2025-10-18,baloto,27,31,33,34,41,5
2567,2025-10-18,revancha,6,14,26,40,41,7
2568,2025-10-20,baloto,9,11,15,23,29,4
2568,2025-10-20,revancha,6,8,12,19,36,16
2569,2025-10-22,baloto,3,5,14,19,26,6
2569,2025-10-22,revancha,1,21,23,30,42,16
2570,2025-10-25,baloto,17,18,21,32,37,14
2570,2025-10-25,revancha,1,14,36,37,39,13
2571,2025-10-27,baloto,3,9,32,35,36,10
2571,2025-10-27,revancha,5,18,22,24,31,7
2572,2025-10-29,baloto,2,14,22,25,29,13
2572,2025-10-29,revancha,7,9,13,21,42,3
2573,2025-11-01,baloto,1,21,24,25,43,14
2573,2025-11-01,revancha,5,24,27,37,41,6
2574,2025-11-03,baloto,5,9,26,28,32,3
2574,2025-11-03,revancha,5,12,18,27,31,3
2575,2025-11-05,baloto,9,14,29,35,40,3
2575,2025-11-05,revancha,14,16,26,39,43,14
2576,2025-11-08,baloto,1,6,18,21,24,12
2576,2025-11-08,revancha,14,23,33,38,40,6
2577,2025-11-10,baloto,17,22,24,26,27,13
2577,2025-11-10,revancha,10,12,17,30,34,8
2578,2025-11-12,baloto,1,18,21,22,24,14
2578,2025-11-12,revancha,14,20,39,40,41,10
2579,2025-11-15,baloto,4,8,10,17,41,6
2579,2025-11-15,revancha,7,9,16,24,39,7
2580,2025-11-17,baloto,14,18,20,35,41,10
2580,2025-11-17,revancha,3,18,28,32,37,11
2581,2025-11-19,baloto,2,6,26,28,39,11
2581,2025-11-19,revancha,12,24,32,36,41,15
2582,2025-11-22,baloto,16,22,25,32,38,9
2582,2025-11-22,revancha,4,8,20,21,43,16
2583,2025-11-24,baloto,8,9,10,30,37,2
2583,2025-11-24,revancha,3,9,23,28,37,14
2584,2025-11-26,baloto,4,14,25,28,41,13
2584,2025-11-26,revancha,8,13,33,35,40,8
2585,2025-11-29,baloto,4,17,28,32,43,6
2585,2025-11-29,revancha,4,17,28,33,43,3
2586,2025-12-01,baloto,11,24,25,26,43,7
2586,2025-12-01,revancha,7,26,30,37,39,3
2587,2025-12-03,baloto,11,15,16,19,40,9
2587,2025-12-03,revancha,7,16,30,37,39,2
2588,2025-12-06,baloto,12,32,36,42,43,13
2588,2025-12-06,revancha,13,18,27,29,35,8
2589,2025-12-08,baloto,2,21,22,24,37,10
2589,2025-12-08,revancha,2,7,30,33,42,4
2590,2025-12-10,baloto,3,12,13,26,37,9
2590,2025-12-10,revancha,20,40,41,42,43,11
2591,2025-12-13,baloto,2,13,14,15,28,2
2591,2025-12-13,revancha,12,14,17,37,41,9
2592,2025-12-15,baloto,10,29,36,38,40,7
2592,2025-12-15,revancha,3,18,30,33,42,5
2593,2025-12-17,baloto,4,9,18,29,31,5
2593,2025-12-17,revancha,6,15,17,27,30,16
2594,2025-12-20,baloto,4,5,10,17,40,10
2594,2025-12-20,revancha,1,12,19,22,29,7
2595,2025-12-22,baloto,4,17,19,32,42,15
2595,2025-12-22,revancha,9,24,27,35,42,4
2596,2025-12-24,baloto,8,9,15,23,35,15
2596,2025-12-24,revancha,14,18,27,34,40,7
2597,2025-12-27,baloto,5,17,18,32,41,6
2597,2025-12-27,revancha,4,15,22,35,41,3
2598,2025-12-29,baloto,8,17,21,36,39,15
2598,2025-12-29,revancha,11,15,23,36,42,8
2599,2025-12-31,baloto,22,24,27,37,40,8
2599,2025-12-31,revancha,9,13,19,41,43,16
2600,2026-01-03,baloto,9,15,24,38,42,5
2600,2026-01-03,revancha,1,4,11,14,34,5
2601,2026-01-05,baloto,9,13,28,31,35,2
2601,2026-01-05,revancha,4,7,20,22,39,3
2602,2026-01-07,baloto,5,9,28,32,35,7
2602,2026-01-07,revancha,4,18,21,28,33,2
2603,2026-01-10,baloto,6,8,36,39,41,12
2603,2026-01-10,revancha,6,10,25,33,43,16
2604,2026-01-12,baloto,1,7,11,19,42,10
2604,2026-01-12,revancha,7,26,27,33,36,14
2605,2026-01-14,baloto,7,17,32,37,40,10
2605,2026-01-14,revancha,4,11,21,24,28,7
2606,2026-01-17,baloto,3,7,15,18,42,15
2606,2026-01-17,revancha,13,26,32,34,39,15
2607,2026-01-19,baloto,4,6,20,28,42,11
2607,2026-01-19,revancha,8,9,17,27,30,11
2608,2026-01-21,baloto,7,14,21,23,38,1
2608,2026-01-21,revancha,3,4,8,17,31,11
2609,2026-01-24,baloto,7,11,21,29,32,16
2609,2026-01-24,revancha,17,21,24,30,34,3
2610,2026-01-26,baloto,20,26,31,38,42,2
2610,2026-01-26,revancha,15,16,20,29,39,12
2611,2026-01-28,baloto,9,15,18,26,40,13
2611,2026-01-28,revancha,2,9,17,23,35,2
2612,2026-01-31,baloto,6,9,11,16,26,9
2612,2026-01-31,revancha,8,12,20,24,36,4
2613,2026-02-02,baloto,8,13,18,30,41,12
2613,2026-02-02,revancha,6,8,19,21,30,9
2614,2026-02-04,baloto,16,25,29,36,38,15
2614,2026-02-04,revancha,1,8,10,19,26,9
2615,2026-02-07,baloto,9,12,26,27,31,3
2615,2026-02-07,revancha,5,7,12,13,27,4
2616,2026-02-09,baloto,11,17,20,36,38,14
2616,2026-02-09,revancha,3,10,15,25,35,1
2617,2026-02-11,baloto,9,14,30,36,42,6
2617,2026-02-11,revancha,13,26,33,34,38,5
2618,2026-02-14,baloto,15,21,29,34,35,6
2618,2026-02-14,revancha,14,35,37,38,41,10
2619,2026-02-16,baloto,9,18,21,22,42,14
2619,2026-02-16,revancha,16,18,22,27,33,5
2620,2026-02-18,baloto,11,27,38,40,42,2
2620,2026-02-18,revancha,2,4,12,24,42,6
2621,2026-02-21,baloto,7,12,22,25,40,10
2621,2026-02-21,revancha,6,13,14,17,19,12
2622,2026-02-23,baloto,16,18,20,23,41,10
2622,2026-02-23,revancha,4,11,15,23,43,2
2623,2026-02-25,baloto,2,6,11,28,31,14
2623,2026-02-25,revancha,15,24,34,38,43,8
2624,2026-02-28,baloto,7,11,15,19,41,9
2624,2026-02-28,revancha,3,4,19,25,42,15
2625,2026-03-02,baloto,1,7,15,39,43,5
2625,2026-03-02,revancha,1,10,21,34,36,1
2626,2026-03-04,baloto,21,26,32,34,40,12
2626,2026-03-04,revancha,6,10,12,19,26,14
2627,2026-03-07,baloto,3,11,30,38,41,4
2627,2026-03-07,revancha,1,3,8,20,21,7
2628,2026-03-09,baloto,5,7,8,25,29,14
2628,2026-03-09,revancha,1,5,15,22,27,9
2629,2026-03-11,baloto,17,23,30,38,40,7
2629,2026-03-11,revancha,9,11,22,23,33,6
2630,2026-03-14,baloto,2,7,23,31,36,16
2630,2026-03-14,revancha,2,15,27,38,39,10
2631,2026-03-16,baloto,5,11,15,24,35,3
2631,2026-03-16,revancha,12,18,19,21,42,8
2632,2026-03-18,baloto,18,20,21,29,35,11
2632,2026-03-18,revancha,4,8,14,17,18,12
2633,2026-03-21,baloto,7,10,21,32,33,2
2633,2026-03-21,revancha,23,24,33,39,42,13
2634,2026-03-23,baloto,25,33,37,39,41,11
2634,2026-03-23,revancha,4,11,12,23,28,11
2635,2026-03-25,baloto,3,9,13,14,19,16
2635,2026-03-25,revancha,22,25,36,41,42,16
2636,2026-03-28,baloto,7,16,25,41,42,8
2636,2026-03-28,revancha,24,37,38,40,42,7
2637,2026-03-30,baloto,4,17,20,21,29,1
2637,2026-03-30,revancha,2,5,18,20,37,8
2638,2026-04-01,baloto,9,22,28,30,35,3
2638,2026-04-01,revancha,1,3,14,35,37,14
2639,2026-04-04,baloto,4,13,19,31,40,9
2639,2026-04-04,revancha,2,15,16,18,35,6
2640,2026-04-06,baloto,9,11,15,16,29,5
2640,2026-04-06,revancha,14,21,25,29,41,9
2641,2026-04-08,baloto,16,17,26,38,41,5
2641,2026-04-08,revancha,2,3,22,25,36,5
2642,2026-04-11,baloto,10,24,32,33,43,13
2642,2026-04-11,revancha,6,16,19,26,43,16
2643,2026-04-13,baloto,4,11,12,21,26,6
2643,2026-04-13,revancha,17,19,21,38,42,5
2644,2026-04-15,baloto,7,11,16,27,28,14
2644,2026-04-15,revancha,11,25,29,34,39,13
2645,2026-04-18,baloto,9,16,29,32,33,10
2645,2026-04-18,revancha,20,24,27,28,32,13
2646,2026-04-20,baloto,13,33,38,40,41,8
2646,2026-04-20,revancha,2,29,30,35,41,1
2647,2026-04-22,baloto,5,12,30,36,40,9
2647,2026-04-22,revancha,11,16,29,37,39,3
2648,2026-04-25,baloto,1,3,6,8,35,1
2648,2026-04-25,revancha,12,13,17,25,34,4
2649,2026-04-27,baloto,6,11,14,20,22,5
2649,2026-04-27,revancha,1,13,19,27,28,14
2650,2026-04-29,baloto,4,16,25,27,37,3
2650,2026-04-29,revancha,3,6,7,13,28,2
2651,2026-05-02,baloto,6,13,14,28,36,5
2651,2026-05-02,revancha,10,12,13,24,39,9
2652,2026-05-04,baloto,5,14,25,35,36,15
2652,2026-05-04,revancha,3,5,17,24,38,11
2653,2026-05-06,baloto,3,5,13,15,25,9
2653,2026-05-06,revancha,9,24,25,29,42,2
2654,2026-05-09,baloto,1,8,17,19,40,10
2654,2026-05-09,revancha,1,2,13,19,43,6
2655,2026-05-11,baloto,1,12,13,34,35,15
2655,2026-05-11,revancha,6,12,15,23,31,16
2656,2026-05-13,baloto,4,19,31,38,39,4
2656,2026-05-13,revancha,3,15,16,22,38,2
2657,2026-05-16,baloto,7,21,25,40,43,11
2657,2026-05-16,revancha,4,9,16,22,28,15
2658,2026-05-18,baloto,3,4,9,14,35,10
2658,2026-05-18,revancha,8,10,31,32,40,2
2659,2026-05-20,baloto,1,28,32,33,35,13
2659,2026-05-20,revancha,4,8,10,42,43,5
2660,2026-05-23,baloto,23,27,29,30,38,8
2660,2026-05-23,revancha,12,16,25,27,37,7
2661,2026-05-25,baloto,12,14,37,38,39,16
2661,2026-05-25,revancha,6,13,20,32,42,16
2662,2026-05-27,baloto,7,14,20,23,40,10
2662,2026-05-27,revancha,11,24,26,31,37,16
2663,2026-05-30,baloto,2,8,11,25,26,15
2663,2026-05-30,revancha,8,14,23,34,38,4
2664,2026-06-01,baloto,4,22,30,31,39,1
2664,2026-06-01,revancha,12,19,33,35,41,10
2665,2026-06-03,baloto,26,29,35,38,41,11
2665,2026-06-03,revancha,4,12,13,31,35,9
2666,2026-06-06,baloto,5,15,19,28,32,1
2666,2026-06-06,revancha,7,11,25,32,36,8
2667,2026-06-08,baloto,6,8,9,32,40,13
2667,2026-06-08,revancha,14,26,30,37,39,2
2668,2026-06-10,baloto,3,5,17,18,27,7
2668,2026-06-10,revancha,7,14,22,35,41,6
2669,2026-06-13,baloto,13,18,26,28,29,10
2669,2026-06-13,revancha,22,35,37,38,42,12
2670,2026-06-15,baloto,4,13,16,22,31,11
2670,2026-06-15,revancha,18,24,32,37,39,3
2671,2026-06-17,baloto,16,20,34,37,39,13
2671,2026-06-17,revancha,7,12,19,34,35,9
2672,2026-06-20,baloto,31,34,37,38,43,14
2672,2026-06-20,revancha,8,17,26,29,32,7
2673,2026-06-22,baloto,8,12,16,28,33,14
2673,2026-06-22,revancha,4,10,20,27,36,1
2674,2026-06-24,baloto,12,14,30,36,43,14
2674,2026-06-24,revancha,8,17,31,36,41,8
2675,2026-06-27,baloto,15,23,29,33,41,16
2675,2026-06-27,revancha,13,17,18,30,35,14
2676,2026-06-29,baloto,10,15,22,24,30,10
2676,2026-06-29,revancha,15,21,25,31,35,4
2677,2026-07-01,baloto,3,12,13,17,37,14
2677,2026-07-01,revancha,3,14,26,34,35,8
2678,2026-07-04,baloto,9,14,40,42,43,9
2678,2026-07-04,revancha,3,4,14,26,41,8
2679,2026-07-06,baloto,2,12,16,27,28,12
2679,2026-07-06,revancha,14,17,31,42,43,2
2680,2026-07-08,baloto,11,15,20,24,30,2
2680,2026-07-08,revancha,4,12,26,35,37,13
2681,2026-07-11,baloto,3,22,28,32,34,14
2681,2026-07-11,revancha,29,35,38,41,42,2
2682,2026-07-13,baloto,8,11,21,32,38,8
2682,2026-07-13,revancha,10,11,15,21,34,1
2683,2026-07-15,baloto,2,4,8,12,24,4
2683,2026-07-15,revancha,10,22,27,30,35,16
2684,2026-07-18,baloto,8,17,19,24,26,9
2684,2026-07-18,revancha,5,6,31,32,34,8
